2,Je suis multi fonction je vous jure,Thu May 03 14:39:43 +0000 2018,992051077922074624,elise0105
2,"Presque juste des gars/hommes m’ont faite chier avec mon apparence et surtout mon poids, et même mon linge https://t.co/gdwpOxlQdd",Thu May 03 14:39:43 +0000 2018,992051078027005953,crapet_nuage
2,Donc j'ai galéré à avoir une meuf pour lui préparer des lasagnes ? C'est ça le charme ? Lasagnes ? https://t.co/ifluYXiQnh,Thu May 03 14:39:43 +0000 2018,992051078744236032,_Shakeem_
2,Courage à nous deux ! https://t.co/UhPMPIQBkr,Thu May 03 14:39:43 +0000 2018,992051080979722240,ylheme94
2,@Auyaoemi1Waamo @UmmoOyaa Puis-je me permettre d’insister pour solliciter une réponse de votre part ?,Thu May 03 14:39:43 +0000 2018,992051081726316545,jean_aviel
4,Bon je me fais un excel avec toutes les infos possibles sur mes mutuals parce que j'ai des soucis de mémoires depui… https://t.co/j03oZZSj1K,Thu May 03 14:39:44 +0000 2018,992051083596967936,Top1GayPokemon
0,Question : est-ce que ça se sent que je m'ennuie prodigieusement et que ma vie n'a aucun sens ? :'),Thu May 03 14:39:44 +0000 2018,992051084289040384,Genderwitch_
0,"Mon compte twitter est privé et y restera donc non je ne passerais pas public — J'parler de ton anonymat , enlève l… https://t.co/b5daNKavvk",Thu May 03 14:39:44 +0000 2018,992051085253660672,Shoyubi_
0,OZSISJJSJS JAVAIS OUBLIER TU PARTER WATCHME PLEURER STP MAIS SINON OUI MAIS VIENS A LA MAISON A POITIERS WSH JTINVI… https://t.co/t4YT3ZgjXO,Thu May 03 14:39:44 +0000 2018,992051084595167232,jayheeines
2,@CValdher Je crois en toi!!!!!!,Thu May 03 14:39:44 +0000 2018,992051085794861056,m3li_ss4
2,@SeiCalista @flora_mathis Moi aussi je veux voir,Thu May 03 14:39:44 +0000 2018,992051085681545217,audrey_lelong
0,@Grgory__ Je pense que t’as oublié une virgule parce que la je lis un truc bizarre quand même,Thu May 03 14:39:45 +0000 2018,992051086319071234,EnjoyHades
4,@nikobud95 @NISAinEurope J'achète pour jouer donc j'ai pas trop le soucis ... Bon j'achète plus que je ne joue en f… https://t.co/eTXCdPlxTn,Thu May 03 14:39:44 +0000 2018,992051086046449664,Pocket_GamerOn
2,hEin koi tu vas espagne komsa en deux minutes ?????? https://t.co/YZxOSPME6E,Thu May 03 14:39:45 +0000 2018,992051086474301441,ChutMinjae
0,"@GraphisteAnonym La tête penchée, les cheveux longs s'étalant sur une épaule dénudée genre ""je sors des études g ri… https://t.co/Dqw8BKqAMx",Thu May 03 14:39:45 +0000 2018,992051087375990785,decidel3
2,@axlzidr @OptaJean Je crois que c'est ça ! 10 clubs !,Thu May 03 14:39:45 +0000 2018,992051087753601025,Nycticebus_
2,@cathe6915 @Amandine9782 @AlainMarschall @Olivier_Truchot @GG_RMC Mince faut que je me calme avec @cathe6915 sinon je vais morfler aussi !,Thu May 03 14:39:45 +0000 2018,992051088403714048,RelaxBzh
4,"Ça me fait rire quand j'entends des journaux dire que la grève s’essouffle...Quand je vois les prévisions pour dem… https://t.co/xzFeMeTDlD",Thu May 03 14:39:45 +0000 2018,992051087891947520,AsidozFr
2,@TERPays2LaLoire Je me demande comment vous allez trouver des cars un jour de grève,Thu May 03 14:39:45 +0000 2018,992051089410281474,bujon85
4,En tout cas je suis une jolie serpentine https://t.co/MsV0NiXBKt,Thu May 03 14:39:45 +0000 2018,992051088718286848,LeMasuyuki
0,Je viens de faire une blague hilarante à Jenna et elle est restée de marbre je suis tellement déçu,Thu May 03 14:39:46 +0000 2018,992051092073734144,Khayle_
2,Tu fais combien de boucles quand tu laces tes chaussures ? — Autant que je peux https://t.co/bgDVaS4YvS,Thu May 03 14:39:46 +0000 2018,992051093730398211,golgoseize
2,@Wolftrust18 @swn_feather La mienne a étais annulé je pleure,Thu May 03 14:39:46 +0000 2018,992051094170808320,stupefix_exp
2,@TheJack59 Mais ptdr c'est un tweet pour que je dise ce que je pense des gens que je connais et il rt je le connais même pas,Thu May 03 14:39:47 +0000 2018,992051095366225925,Kirbayan_Gamer
0,@VLily373 Je pensais que tu aimais des trucs un peu moins commun mais j'ai pas su savoir dsl :c,Thu May 03 14:39:47 +0000 2018,992051097547177985,iza_chevre
4,@topito_com @TheRock @TheRock est telllement une merveilleuse personne magnifique et talentueux que je n'oserais jamais le contrarier,Thu May 03 14:39:47 +0000 2018,992051097899499520,Anonymallende
0,oui j'écoute la chanson de xtina parce que la prod c'est Kanye et je trouve ça chelou un peu...,Thu May 03 14:39:47 +0000 2018,992051098616827904,tissagevibrant
2,"@_Lau_Henry_BLT Est-ce que je t'ai déjà mordu ? Ah peut-être que oui...",Thu May 03 14:39:48 +0000 2018,992051099807944704,aetmik_btl
2,"mourir debout plutôt que vivre a genoux! LA FETES A CETTE ORDURE DE MACHIAVEL ! https://t.co/Wh7uJ5di4n",Thu May 03 14:39:48 +0000 2018,992051101624086529,rastafa49118609
2,#MonSuperPouvoirInutile Je devine systématiquement la note que les candidates de LRDS vont mettre sur le miroir ava… https://t.co/GuGSoB4TyP,Thu May 03 14:39:49 +0000 2018,992051103666761730,mcaphrodite
4,"Je me baladais dans Grenoble et je suis enfin tombé dessus.Du coup c'est bon @TrashTalk_fr , je suis enfin en pos… https://t.co/Z2s9jBPqXn",Thu May 03 14:39:49 +0000 2018,992051103226384384,NicoFlux_4
2,jav passe tn tweet en dm https://t.co/KqZe3Aj0WW,Thu May 03 14:39:49 +0000 2018,992051103603871744,hiraised
2,"#PostYourQueen ,parce que je m'inspire d'elles au quotidien, je vous laisse les admirer ! https://t.co/kXCKWFDYYi",Thu May 03 14:39:49 +0000 2018,992051103440269312,BonadeiLaetitia
4,@oceane9414 je t’aime ❤️,Thu May 03 14:41:47 +0000 2018,992051598481338368,gwenaellouuu
2,"Tu pense à qui le plus souvent ? — A qui ? Je sais pas trop, Ca dépend des moments de la journee https://t.co/1DNmMfY5eV",Thu May 03 14:41:47 +0000 2018,992051598934315008,noemie_adam
2,"@EPhilippePM Moi je dirai, tous ceux qui détiennent une responsabilité, par rapport à un mandat donné, doivent fair… https://t.co/WjHWI4S0Ot",Thu May 03 14:41:47 +0000 2018,992051599429263360,milandougerard1
4,@Tom_Bidule @anomalyxd @chiliz @HarryBorotalco @dundret_04 J'avoue que quand j'en vois un gagner je suis content au… https://t.co/1oZfbju6Kd,Thu May 03 14:41:47 +0000 2018,992051600553279488,Swixxy2K
4,"Mon cœur a tenu, j'ai plus rien à m'mettre Je t'aime sans strass et paillettes Rentre dans ma vie et prends tout c'… https://t.co/aa0pJ1YRmB",Thu May 03 14:41:47 +0000 2018,992051601778073600,Brandonlieexo
2,Je me suis mise a réviser le cours de la croissance cranio-faciale mais pq enfaite???????????????? pq je force avec… https://t.co/n2UCVrNvRu,Thu May 03 14:41:47 +0000 2018,992051601597661190,chloe_stm
2,J'vais acheter l'album de vald il rappe bien je trouve.,Thu May 03 14:41:48 +0000 2018,992051602126245888,mickycantyousee
2,Je tiens plus en place... Allez l'OM ! #FCSOM,Thu May 03 14:41:48 +0000 2018,992051605330710529,Yoougoo
2,@LoretteFauquet je t’explique ce soir bébé,Thu May 03 14:41:49 +0000 2018,992051606534410241,jade_tahaar
4,"On sait aimés, détesté, re-aimé, quand je vois le résultat, je me demande comment j'ai fait. Vider mon compte en b… https://t.co/ukrAnv60lW",Thu May 03 14:41:49 +0000 2018,992051608166043648,SPGoneTooSoon
2,@AxennIsBack2 @GG_RMC @Olivier_Truchot @AlainMarschall @LahaieSudRadio Alors si c'est se respecter c'est de n'être… https://t.co/t0z43TSfy5,Thu May 03 14:41:50 +0000 2018,992051611001290753,Maryseluc33
4,Je dois me libérer de ces amours imaginaires que je construis depuis des mois.,Thu May 03 14:41:50 +0000 2018,992051611638927361,vaguesxpensees
2,"@MilyForever @pitchfork Est-ce que je peux t'avouer qu'hier j'ai rêvé d'un film dont le héros serait ""anti-reggae-m… https://t.co/GCNHM0VazF",Thu May 03 14:41:50 +0000 2018,992051611995463681,jeanmamadou
2,"J-15, je préfère aller à la salle que d’écrire. https://t.co/HyfVOhEbTE",Thu May 03 14:41:50 +0000 2018,992051611085299712,CamilleChpt
2,ca fait mtn 1 mois que j’attend... https://t.co/oLsW7JQuPB,Thu May 03 14:41:50 +0000 2018,992051613333417986,RemyMzrd
2,@Eleusis_Megara J'inclus toujours dans mes devis un nombre de retours &amp; corrections + une petite phrase qui dit que… https://t.co/f9JuoHDHuD,Thu May 03 14:41:50 +0000 2018,992051614537134080,cam_villard
2,JE SUIS EN VACANCE À MOI LÀ PLAGE,Thu May 03 14:41:51 +0000 2018,992051615556349952,MickaBn
4,"j’avais pas trop le moral, et la ma merveilleuse maman revient avec un bouquet de rose et des beignets aux chocolat… https://t.co/MO6fOLN7Te",Thu May 03 14:41:51 +0000 2018,992051615862611968,OrnellaLefevre
2,"Vous êtes de gros malade mais j’vous aime quand même parcontre, vous êtes qui pour avoir 10/10 la ? Vu comment vo… https://t.co/wjO2kIi4Me",Thu May 03 14:41:51 +0000 2018,992051618265911296,FaresBichard
2,"@Diab0l029 @thierrydu12 @gerardcollomb @CCastaner @BGriveaux @fhollande Je prends mes responsabilités, je dénonce c… https://t.co/6KEHmykZjq",Thu May 03 14:41:52 +0000 2018,992051619759034368,bonuscr
4,"@jeffrypaulgo grave, en face ce n'est guère mieux... moi je les mets sérieusement tous dans le même sac",Thu May 03 14:41:52 +0000 2018,992051620056838144,thierrydu12
2,@h_ghnm je me suis rendu compte que j’étais trop gentille https://t.co/b8EPF0nlW2,Thu May 03 14:41:52 +0000 2018,992051620086190080,salmabai_
2,je t'aime une troisieme futa ma tl va trop vite,Thu May 03 14:41:52 +0000 2018,992051621004791808,DaLastBot
4,@rutti_esh Mdr absolument ps je préfère que ça soit l'Atleti parce que sinon les Lyonnais + Lacazette vont nous casser les couilles,Thu May 03 14:41:52 +0000 2018,992051621591945216,mohasoi
0,"@gdeboullon @MarianneleMag Pour le coup, se battre pour des acquis légitimes, je ne vois pas où est le mal. Post nubila phœbus",Thu May 03 14:41:53 +0000 2018,992051622984536064,_chatmechant
2,je stresse,Thu May 03 14:41:53 +0000 2018,992051624607698945,sailorhoes
2,"Hello les potes, je pars en live ici https://t.co/TkqEhVIgiN pour de la ranked Flex en silver 3 , toujours en full… https://t.co/GN5wfw0Y6k",Thu May 03 14:41:53 +0000 2018,992051625278738433,IkOshi_
4,"@Aguila183556 @Francois_Ruffin @LaFeteaMacron Mais ne dites pas n'importe quoi. Je fais toutes les manifs pas pour… https://t.co/g9Z3OizaFq",Thu May 03 14:41:53 +0000 2018,992051625865957376,INDIGNEE25
2,Je suis en deuxième place dans superstar sm je suis trop forte,Thu May 03 14:41:53 +0000 2018,992051625090015233,xkrbae
4,quelqu’un saurait où je pourrais choper des air force 1 avec les swoosh qui se change pas trop chère (genre 150€),Thu May 03 14:41:54 +0000 2018,992051628944576513,zxrhsm
2,Je pense pareil que lui. Exactement pareil. Je souhaite tout le malheur du monde à l'Olympique de Marseille . Tout… https://t.co/NGiukVZpwU,Thu May 03 14:41:54 +0000 2018,992051629523456006,Makuendos
4,C'est avec une immense fierté que je vous annonce ma présélection en vue d'intégrer les Belgian eDevils ! Hâte d'êt… https://t.co/D9or4lLirf,Thu May 03 14:41:55 +0000 2018,992051634959192065,Nycom5
2,Hier une collègue m'envoie un mail pour dire qu'elle voudrait qu'on bosse chez elle sur la séquence des 3e demain.… https://t.co/Apt8zBhTcc,Thu May 03 14:41:56 +0000 2018,992051635592589312,ELFishy900320
4,@AngelikaDRP J’sais pas je t’imaginais plus vieille que moi en fait. ^^,Thu May 03 14:41:56 +0000 2018,992051638209859584,melancholia_rp
2,Moi je Kiff pour la 7ème... https://t.co/Fut4fkcoXa,Thu May 03 14:41:56 +0000 2018,992051639006711809,Youssefmouihbii
4,Je viens de lire un peu toutes ces jolies petites lettres faites pour faire grossir la demande faites par celle ave… https://t.co/OXV9BU2Rnw,Thu May 03 14:41:57 +0000 2018,992051639887548418,1PaCTWeB
0,J'avais les rattrapages aujourd'hui je pensais qu'à l'OM c'est terrible je suis en pression,Thu May 03 14:41:57 +0000 2018,992051641468715008,ThomasEscud
2,@EziyaJulith En juin ces chaud je taff mais en septembre si tu veut mdrr j’lai déjà fait l’année dernière,Thu May 03 14:41:57 +0000 2018,992051641959542784,Gui_Two95
2,quand je vois des gens galérer avec leurs sourcils je remercie l'univers de m'avoir fait naître kurde,Thu May 03 14:41:57 +0000 2018,992051642756403202,guddnz
2,// nos persos sont pas censé vivre en corée... ? https://t.co/WoSTQL36Dg,Thu May 03 14:41:57 +0000 2018,992051642148245504,ChutMinjae
0,Je suis pas motivée pour réviser c’est une catastrophe,Thu May 03 14:41:57 +0000 2018,992051643242950657,ctecain
2,@WiretteNicorett Les étudiants de Lyon 2 pourraient reprendre le mot de Rebeyne (je crois qu'il y a un mouvement ré… https://t.co/tMzZuHhcMb,Thu May 03 14:41:58 +0000 2018,992051645440765954,JDDelle_Luche
2,Comme vous voyez....je suis toujours....avec mes… https://t.co/bRTBgKjfvY,Thu May 03 14:41:58 +0000 2018,992051646569091072,danielmagicien1
4,@Pauline_Dum @ArthurBlanquet Très très content d'être cité comme source fiable dans l'analyse Dion-esque. Je peux prendre ma retraite,Thu May 03 14:41:58 +0000 2018,992051646950707200,gabrielpiozza
2,je ne dirais rien à ce sujet mdr https://t.co/GLigfIkcQA,Thu May 03 14:41:58 +0000 2018,992051647382802437,HaneneSarr
4,"À ce jour, je ne sais toujours pas pourquoi j'ai été bloqué, mais au moins j'ai résolu tous les problèmes et tout est rentré dans l'ordre !",Thu May 03 14:41:59 +0000 2018,992051648808783873,torresromain
0,@Aetopi Ah ok xD J'ai eu 1 seul match depuis..2 semaines je crois mdr,Thu May 03 14:41:59 +0000 2018,992051649408585728,Darkkisae
4,@hustIerc je stresse grave pour l'histoire perso snif... tant de chose à savoir,Thu May 03 14:41:59 +0000 2018,992051650910179328,waulersse
2,"@drunkhighnhorny Ouais je sais bien, je comprend vrmt pas à quel moment tu te dis  “ah ouais cool on va voler des poupées”",Thu May 03 14:41:59 +0000 2018,992051651702816768,rgvInvest
4,"Je sais qu'jui obsédée mais vraiment les Sanders Sides ça me met de BONNE HUMEUR mais de ouf, instantanément. C'est du génie",Thu May 03 14:42:00 +0000 2018,992051652357173248,Bluetrize
2,@HeuuTBizzardToi Faudra que je te paye un grec,Thu May 03 14:42:00 +0000 2018,992051652755673090,didikong94
2,"@KAMI_TENGU @BlancheSab @HugoCouturier @pretzel6666 Biensûr, comme vous vous réagissez à ça. Et si vous me dite que… https://t.co/P32ga9TXP8",Thu May 03 14:42:00 +0000 2018,992051653695148033,Clem_glm
2,@934645254af9474 @TF1Pro @TMCtv @BurgerQuizOff @AprikianAra @xgandon @MayCarcabal @alexoupetit @OlivierD_G… https://t.co/zKyq3DXMaB,Thu May 03 14:42:00 +0000 2018,992051655997886464,MaLaRia25
2,avec mon prof de sciences co on s'ignore alors qu'on se voit à toutes les AG + occup je le vois plus que ma mif en… https://t.co/y5dViYUDiz,Thu May 03 14:42:02 +0000 2018,992051661215592448,axelleguillot
0,"#FOSDEMx La vraie principale raison de garder du code fermée, c'est la peur d'associer le code qu'on a pourri au lo… https://t.co/F8GOEqGRhX",Thu May 03 14:42:02 +0000 2018,992051662499057664,ArthurMilchior
4,@clairechust @PremiereFR @SabrinaOuazani Je t'adore.,Thu May 03 14:42:02 +0000 2018,992051662863843337,k_huen
4,"@IamCiiny De toutes façon, c’est le rôle de chacun de s’épanouir dans son individualité. Il affecte pas nos vie à m… https://t.co/GlXwrze6dD",Thu May 03 14:42:02 +0000 2018,992051661165211648,Dydadon
4,Imagine ton club se prend des coups de pression par Fellaini. FELLAINI. Un grand club comme vous @ManUtd la honte. https://t.co/ptvS06WBN8,Thu May 03 14:42:02 +0000 2018,992051663484739585,st2155
2,"@KAZ2Y5Dex @RokhayaDiallo @jo_delb Tant mieux pour toi, ton expérience ne contredit pas celle d’autres. Et moi si j… https://t.co/o8pDPLGpm5",Thu May 03 14:42:02 +0000 2018,992051664617172992,Benjamin_Royer
2,@DprMatt normal je suis pas là,Thu May 03 14:42:03 +0000 2018,992051665204281345,_louise_lfv
2,sur tous les disney j’ai du en voir 5/6 mddr je suis mm pas désolée pour ça,Thu May 03 14:42:03 +0000 2018,992051665992929280,icyysh
2,@benoithamon  Merci de le dire cher Benoît c'est tellement vrai! En revanche je pense qu'il fabrique un FN encore p… https://t.co/T5pz4ciZEg,Thu May 03 14:42:03 +0000 2018,992051665044983809,StitouDudu
2,@AndreaFilippi2b je t’en suis reconnaissante,Thu May 03 14:42:03 +0000 2018,992051668035473409,LLefetz
0,Non mais je rentre de quelques courses et je tombe sur un duo Céline Dion/Dead Pool https://t.co/ExofO8KBvo pour… https://t.co/MGRlpXJSSG,Thu May 03 14:42:03 +0000 2018,992051667993530369,Aralass
2,@NetflixFR Je viens de finir la saison 2 en plus,Thu May 03 14:42:03 +0000 2018,992051668413026304,Daniela27343775
2,@MarouaneSama Je suis définitivement jnouné demain jgo mosquée,Thu May 03 14:42:04 +0000 2018,992051669209935873,zidhem
2,@a_gumpy Ptdrrr je rigole madame Fekir tu mérite largement mieux,Thu May 03 14:42:04 +0000 2018,992051669507674112,fratelito
4,Aujourd’hui je vois une enveloppe dans ma boîte aux lettres je me dis « tiens c’est cool un peu de surprise » mais… https://t.co/OKi2MPue9x,Thu May 03 14:42:04 +0000 2018,992051669235044352,ludqn
2,Je veux rentrer chez moi... j’en ai marre de rester à Grenoble,Thu May 03 14:42:04 +0000 2018,992051670099120128,Millasagna
4,"@Constantin_Krai @Emmanueland1 @EdgarSorani @benoithamon @assoAIDES Ben, renseigne-toi. T'as déjà 25% des jeunes tu… https://t.co/F6IOTv4tXc",Thu May 03 14:42:04 +0000 2018,992051671038558209,00Rabelais
2,Je suis ultra mort il casse les couilles mdrrrr https://t.co/5fPAs9iEri,Thu May 03 14:42:04 +0000 2018,992051671344836608,BaekDoSan
4,Sadek je t’aime,Thu May 03 14:42:04 +0000 2018,992051671512633344,__bnz_
2,"@malaisetele *respiration haletante* *panique* ""je ne saurais pas vous répondre""",Thu May 03 14:42:05 +0000 2018,992051674247200768,pxlxcee
2,@henya_lise @bng2617 @smashy321 @SansCompteFixe @AlexiDelob @ladevita12 @Rosedeau23 @DanielPilotte @flocorto69… https://t.co/KJRKJ5Rmiq,Thu May 03 14:42:05 +0000 2018,992051673777438720,paxipax_heleane
2,@BMS_Mh Je suis dans le même cas que toi pour les révisions.,Thu May 03 14:42:05 +0000 2018,992051675262324736,SlyLikeAku
0,Coucou les copain de besac ! Vous avez des lieux lgbt autre que le privé? Parce que j'ai pas vraiment envie d'aller… https://t.co/TOo24IJxpl,Thu May 03 14:42:05 +0000 2018,992051677422342144,margochiste
2,"Voyageai-je avec ma présidente ? Oui. Avons-nous 3M€ à payer pour acheter des éoliennes ? Oui. Nous apprêtons-nous… https://t.co/i0OAfzYex7",Thu May 03 14:42:06 +0000 2018,992051678206681088,Vive_Levant
0,@Waniniw @JustneedVictor Pffff je suis jalouse,Thu May 03 14:42:06 +0000 2018,992051678466707457,hellwinie
2,Est ce que je poste mes dessins ? Je suis en école d'art et jtiens un carnet dans lequel jdessine dans le train tou… https://t.co/HADafG1mtu,Thu May 03 14:42:06 +0000 2018,992051679448190976,Kilazic
0,@lReptor Moi jouvre un coffre et rien et quand je casse des truc sa prend 30 sec pour me donner des materiaux,Thu May 03 14:42:06 +0000 2018,992051680542969862,zombieforumfren
0,conversation hilarante limite débile à propos de pansement et de sparadrap ou @RokhayaDiallo a du temps à perdre ou… https://t.co/oOVjrVKCiQ,Thu May 03 14:42:06 +0000 2018,992051681528565761,mermimosazur
4,"« Non, pas du tout. En réalité, je veux sauver les vies précieuses des musulmans. De cette façon, je veux impressio… https://t.co/kahisifKGo",Thu May 03 14:42:07 +0000 2018,992051681801195520,m_hrzinho
4,"Puis bon il a la profondeur de vision d'une brique. Il n'en a rien a carrer de la philo alors que l'Éternel retour,… https://t.co/hjYgTXAWWO",Thu May 03 14:42:07 +0000 2018,992051683978043392,Patate_froide
4,"@JKDZ29 Maybe parce que j'aime pas trop les westerns en fait. ^^ J'en attendais plus une réécriture, et à vrai dire… https://t.co/zoPnzoC1nE",Thu May 03 14:42:07 +0000 2018,992051684196208641,Lilylit_blog
0,@roule1dragon Sur l’acharnement je suis d’accord je dis pas que c’est une mauvaise personne je dis juste qu’avec la… https://t.co/PIG4txzRih,Thu May 03 14:42:08 +0000 2018,992051687383760896,CcileMassiot
0,@kymilz À toi. T'es devenue froide avec moi je m'adapte.,Thu May 03 14:42:08 +0000 2018,992051688105226241,walid_hsr
0,@ContestFrance @ReducedPricesFR @BebbertLeSilver je force pas c'est pas vrai,Thu May 03 14:42:08 +0000 2018,992051688801521664,Gourilesang
4,@Lib_GG @TheBaker_Pvp Attend je comprend pas libe pourquoi tu n’aime pas Baker?,Thu May 03 14:42:08 +0000 2018,992051689296457729,AbelBijaoui
0,"pour l'histoire géo jsjdsj j'étais la PIRE je connaissais rien j'avais révisé 2 ou 3 chapitres, j'étais tombée sur… https://t.co/XJFV5pCGAk",Thu May 03 14:42:08 +0000 2018,992051688868589569,hustIerc
2,Moi je Kiff pour la 7ème... https://t.co/BKEMN0T4NU,Thu May 03 14:42:09 +0000 2018,992051690286256128,Actu_Story
4,"Bonjour, t'es beaucoup trop mignonne bb! je t'aime aussi et les monsta x t'adorent❤ https://t.co/HRdFXaasL0",Thu May 03 14:42:09 +0000 2018,992051690370224128,leiko_unicorn
4,"Par contre on dirait que la tentative a été faite sur WP:en et… pourquoi ? Je n'y suis même pas admin. Bon ok, une… https://t.co/d3aNCGgW9y",Thu May 03 14:42:09 +0000 2018,992051691854925830,Harmonia_Amanda
2,c grv dommage que mtn tu regarde de haut alors qu’avant on s’entendait bien — mais non je regarde pas mal moi!! t’e… https://t.co/bfF3RnJEOv,Thu May 03 14:42:09 +0000 2018,992051692630929409,louberthault
4,"Je vis pour ""agréable"" que je veux pousser. https://t.co/A6NCDHomxp",Thu May 03 14:42:09 +0000 2018,992051693230551040,SoftyCalcEU
2,Je ris et je pleure en meme temps https://t.co/MKDkeHeHQc,Thu May 03 14:42:10 +0000 2018,992051695537590274,cutemixer
4,@LudovicBorrione Je m'occupe de ta demande @LaignelLudovic  merci,Thu May 03 14:42:10 +0000 2018,992051697399812097,geralddefoing
0,"@Gandy4242 @davdav84 @MarianneleMag Et c'est moi le haineux, tout ça parce que je ne soutiens pas les massacres.",Thu May 03 14:42:10 +0000 2018,992051698330894342,Sanili34
0,@OFFlClAL_ACE7 et en plus il ns a donné de l’espoir je le déteste mon pire ennemi,Thu May 03 14:42:11 +0000 2018,992051698628775941,trashrouky
2,@melikahchi @urdamncunt Devant la flamme c'est le nombre de jours consécutifs durant lesquels tu échanges avec une… https://t.co/T9io104d7d,Thu May 03 14:42:11 +0000 2018,992051699614453761,A_DifferentGirl
2,@Tsad ah ça. je comprends ouais,Thu May 03 14:42:11 +0000 2018,992051700985991169,LonelyFreak
2,"@Da_Tweeta Je ne comprends pas. J'aurais pu etre la princesse, quand même.",Thu May 03 14:42:11 +0000 2018,992051701577285633,_DeepWave
4,"#MonSuperPouvoirInutile Je peux donner envie de nourriture a n'importe qui juste en parlant de ça.",Thu May 03 14:43:02 +0000 2018,992051916439015424,lemra_kira
2,Mdrrr Moha c'est pas toi qui postais des photo de trav ici ? https://t.co/BssUtBnefY,Thu May 03 14:43:03 +0000 2018,992051919702183938,Hxnnessy_
2,"Hallucinant...!!!!! Et dire qu'il y a encore des pigeons qui croient nos hommes politiques de tout horizon: Droite,… https://t.co/5u15oDRHTS",Thu May 03 14:43:04 +0000 2018,992051921451175936,BENTAZA
4,"@d_joue De beaux souvenirs ma fille, je suis si fière de toi xx",Thu May 03 14:43:04 +0000 2018,992051922059382784,mmelise5
4,"@CliaMauve Je viens d'en voir quelques unes, elles sont génial et Alex a l'air super content.",Thu May 03 14:43:04 +0000 2018,992051922361253889,D75014
2,Rico c tro ressemblan a vico je vai les confondr.,Thu May 03 14:43:04 +0000 2018,992051922399059968,tomienik
2,Faut que je vende mes Jordan maroon 6,Thu May 03 14:43:04 +0000 2018,992051923120467969,DRIMYX
4,"@recrpntr Afin de vous répondre de façon plus complète, je reviens vers vous en Message Privé. Mark",Thu May 03 14:43:04 +0000 2018,992051923401564160,bouyguestelecom
2,J'ai ajouté une vidéo à une playlist @YouTube - Je répond a vos question en LIVE https://t.co/wKnaaqUt1x,Thu May 03 14:43:04 +0000 2018,992051924353605632,supermissinfo1
4,@nemofel @risseraka je t'aime tout court tu sais,Thu May 03 14:43:05 +0000 2018,992051928254287873,W0nder___W0man
2,@22FuckedUp Mdrrrr c'est arrivé sans que je ne m'en rende compte,Thu May 03 14:43:05 +0000 2018,992051928224985090,SebetierKassi
2,"Je m'attacherai pour commencer à quell-ques traits communs indubitables, à partir des-quels nous établirons plus cl… https://t.co/WL8plaHTUH",Thu May 03 14:43:05 +0000 2018,992051928329850881,GlissantBot
2,Je les comptes sur les doigts d'une main ! https://t.co/xWwVCHjkQ6,Thu May 03 14:43:05 +0000 2018,992051928493445120,tesmotsdoux
0,"@MermaidOtter_ Si je me mets à hurler sur tous les salauds, je vais finir comme ça https://t.co/leGglf5YTU",Thu May 03 14:43:06 +0000 2018,992051932847099904,Colournathy
2,"Vraiment, je rigole pas.",Thu May 03 14:43:07 +0000 2018,992051935388819456,Alouicerlia
2,"Yo les Apple addict de Twitter, j'ai un big soucis avec mon mac .... Mon ordi ne reconnaît plus ni le clavier ni l… https://t.co/goj1JfA7gx",Thu May 03 14:43:07 +0000 2018,992051936580046848,Itomezzo
2,"Son frigo c’est des bières, du panaché et une bouteille de jus d’orange ? Je vais dire à ma mère de se ressaisir al… https://t.co/UJz1zbuGKU",Thu May 03 14:43:07 +0000 2018,992051936726745088,thsgs1
2,Si j'suis suffisamment motivé ce soir je stream du Grinding of Isaac sur le booster pack 5,Thu May 03 14:43:08 +0000 2018,992051938639466496,Quatermainn
4,@Gr33ntown Je ne cherche pas de poule qui mange des graines mais bien un chien :P lolll,Thu May 03 14:43:08 +0000 2018,992051938761068544,supben1981
4,"@Genepapillonne @King_Skela Je prends, 15% sur les bénefs. Faut que tout l'monde vive...",Thu May 03 14:43:08 +0000 2018,992051939604140033,lezard_premier
2,Quand j’arrive au pays je veux un tinin lanmory avec un morceau d’avocat et après ça je veux rien entendre,Thu May 03 14:43:08 +0000 2018,992051939927044097,Yann_amr
2,@altropics Je vais voir mon Rafa se faire une undecima pendant que tu réviseras ton français ❤️❤️❤️,Thu May 03 14:43:08 +0000 2018,992051940233240576,hungry_florence
2,@me_namja ah en je aye,Thu May 03 14:43:08 +0000 2018,992051940354740224,pkcux
2,Je met qui en pdp,Thu May 03 14:43:08 +0000 2018,992051941323747328,xkrbae
4,"si je devais choisir entre tout se biffe et toutes ces bitchs, je prendrais le gros chèque pcq l’oseille la plus bonne des schnek",Thu May 03 14:43:08 +0000 2018,992051941499908098,samantha_shiota
0,"@Birdseye_FR @SuperCineBattle @C0ute @kamuirobotics @MartinGamera Fait! ^^ Mauvaise diction de @kamuirobotics  + ma… https://t.co/t4dRMSbZPH",Thu May 03 14:43:08 +0000 2018,992051941537648640,Onibaki_
0,"@Qc_125 Avec de tels chiffres, je ne crois pas. Pourquoi ? Parce qu'au niveau du vote francophone, le PLQ fait trop pitié face à la CAQ.",Thu May 03 14:43:08 +0000 2018,992051941135015936,1954mimi
0,@gabar4el impossible je cours trop vite pour eux,Thu May 03 14:43:08 +0000 2018,992051941525073920,Toomuch_walid
2,"L’Homme et la viande : ""Je t’aime, moi non plus"" | @scoopit https://t.co/NGXiULT4gr",Thu May 03 14:43:09 +0000 2018,992051942384914432,CdiEnilv
2,"@LawraProut J'ai reçu la même chose, je pense que c'est rien de plus que d'habitude, la page de plus que tu as quan… https://t.co/OcOWv7mAFH",Thu May 03 14:43:09 +0000 2018,992051942397489153,ClunyBraun
2,@midnhight si je gagne pas je ferme le rpg mec c une vraie menace,Thu May 03 14:43:09 +0000 2018,992051943957659649,ocnskiel
4,"@jvnesvnshine Ah voilà ! Je lis les critiques et personne ne parle de ça, tout le monde trouve ça ""tendre"", ""drôle""… https://t.co/h2e6FMyhm7",Thu May 03 14:43:09 +0000 2018,992051943618080769,MarieBoiseau
4,Après un après-midi #PBLV La collec' sur @FranceOtv je reste sur le service public :) sur @France2tv cette fois avec #AffaireConclue,Thu May 03 14:43:09 +0000 2018,992051943806849024,FlorianL63
4,@SovietLama Tu cringerais devant mes mangas séparés entre 3 endroits différents et dont je suis pas certain de tout avoir :p,Thu May 03 14:43:09 +0000 2018,992051945740390401,NohioJico
4,"@ot4voices c'etait comment? Je suis trop heureuse!!",Thu May 03 14:43:10 +0000 2018,992051946025570304,claraahrd
2,Infinity War il m'a matrixé je cherche des théories partout sur internet,Thu May 03 14:43:10 +0000 2018,992051946239471616,taleoran
2,"Je pense à pleins de choses, et je m’énerve toute seule",Thu May 03 14:43:10 +0000 2018,992051948118532096,GaelleWatier
2,@VolvicFraise envoyez moi des bouteilles je vous fais de la giga pub mieux que les influenceurs,Thu May 03 14:43:10 +0000 2018,992051948928061441,V2757240
0,"Je crois à la main qui ne me touche pas, aux lèvres qui ne m'embrassent pas, à ces uns et ces autres qui gardent le… https://t.co/koImUKHEDa",Thu May 03 14:43:10 +0000 2018,992051949834063872,psyhumanitaire
2,Je viens de regarder l'épisode S04E14 de Empire (2015)  #tvtime https://t.co/FD2fewKTGn,Thu May 03 14:43:11 +0000 2018,992051952530968576,damnhyland
2,@elsa_delattre Ah d’accord je savais pas que tu pouvais l’avoir avant ton anniversaire,Thu May 03 14:43:11 +0000 2018,992051953516646405,alicevdvd
4,Bon bah en fait je vais jouer a Habbo,Thu May 03 14:43:12 +0000 2018,992051954707845121,LeMasuyuki
4,@starqryen MDRRRRD’KSJS JE POSAIS JUSTE LA QUESTION,Thu May 03 14:43:12 +0000 2018,992051955253022720,ohstopshit
4,@SonoftheHorde @Lakitow_Laura ok je te conseille la térébenthine pour toi ça te calmera net .,Thu May 03 14:43:12 +0000 2018,992051956528107521,la_guigne44
2,"Je suis émue. 31 ans pour croiser ma première Davina au @StarbucksFrance de gare de l'est, et elle a l'air trop coo… https://t.co/F5NkuLex01",Thu May 03 14:43:12 +0000 2018,992051956884688896,MynetteMiller
0,y a des gens sur twitter je vous imaginais avec un certain physique et quand j’ai découvert votre vrrai visage j’ai été un peu déçue mdr :(,Thu May 03 14:43:14 +0000 2018,992051962865700864,iheartedstyles
4,Je vais voter @BTS_twt  as Top Social Artist #BTSBBMAs,Thu May 03 14:43:14 +0000 2018,992051963004153858,renaalyssa
4,Mdr toutes les filles ne sont pas alors comme ça https://t.co/QTzIHRuL8p,Thu May 03 14:43:15 +0000 2018,992051966959390721,TPC00
2,Et sinon quand je ne suis pas en maillot de bain je bois des cocktails au… https://t.co/aUy0WrdxGJ,Thu May 03 14:43:15 +0000 2018,992051968125427714,Myblogisrich
4,@Carreyland Sans paraitre le vieux réac je comprends pas qu on prenne le bus sans billet ... ou alors tu vas à la b… https://t.co/qrVSytQAAU,Thu May 03 14:43:15 +0000 2018,992051968842616832,chris12mdm
2,Mieux que le truc à lui montrer! Faire genre j'ai mon portable qui déconne tu peux m'envoyer un message? MDR je suis un génie.,Thu May 03 14:43:15 +0000 2018,992051969828229120,Kendjiaficionat
4,je viens de recevoir un msg d'une pote que je connaissais y a 5 ans je wtf je m'y attendais pas du tout elle me dit… https://t.co/vDBOiHyfmw,Thu May 03 14:43:15 +0000 2018,992051969861832705,xotylerr_
2,"oui, je pense aussi qu'a un moment tous ses gens qui ne vivent que par la violence convergerons ... https://t.co/1xLuyRdC2v",Thu May 03 14:43:16 +0000 2018,992051971233378304,mallandir
2,Comme vous êtes dans la tête des gens tfacon mdrrr https://t.co/xAX4XX46u7,Thu May 03 14:43:16 +0000 2018,992051971593916416,ChatNwar
2,"Au moment où Coca-Cola lance ""Smartwater"", son eau ""premium""... Coïncidence ? Je ne pense pas. https://t.co/TWqdsGX9ZK via @Lesjoursfr",Thu May 03 14:43:16 +0000 2018,992051972168671234,scheffern
0,@xXLeLe93Xx Et je sais pas quoi dire ou faire... :c,Thu May 03 14:43:16 +0000 2018,992051971971526656,Blackksoulls
0,"Lui il a un gros soucis aux adducteurs je sais pas si ils se rendent comptent, mais il va arriver à la fin de sa ca… https://t.co/0MAX2JwzO3",Thu May 03 14:43:16 +0000 2018,992051972302950400,rutti_esh
4,"@Sleepyolo Je pleure pas d'abord, j'suis un grand et les grands ça pleure pas! https://t.co/RZ6E5UJDoD",Thu May 03 14:43:16 +0000 2018,992051974714679296,M_Corbak
2,Ptdrrrrrrrrr ce fdp qd Neymar est partie il a fait une blagues je voulais le battre avec lui dans une cages https://t.co/iQI3hZ0Gss,Thu May 03 14:43:17 +0000 2018,992051975813517313,Sossa__k
0,@MichouPavane @lateumu @SkyTlse @FortniteGame @abdelinho92 bêtement je vais lacher 100e :(,Thu May 03 14:43:17 +0000 2018,992051977071812613,OVOlik
0,"il faut rester zen, ne pas s'énerver, ne pas être violent, ne pas être insultant, ne pas ne pas ne pas ! c'est très… https://t.co/HGFjhhXkRk",Thu May 03 14:43:17 +0000 2018,992051977017266176,KTICAMILLE
0,je m'absente 1h et je suis mariée,Thu May 03 14:43:17 +0000 2018,992051978623647746,fcysulli
0,"@bethereumteam je me sens seul french ici, dommage",Thu May 03 14:43:17 +0000 2018,992051979080880128,SaitamaTocryp
4,"Je suis triste de quitter UNH la semaine prochaine, j'aime mes amis! #F503S18",Thu May 03 14:43:18 +0000 2018,992051981207396353,msco1015
0,je viens de m'acheter des baskets mais yen a des autres qui m'appellent,Thu May 03 14:43:18 +0000 2018,992051981777858561,_gaydaydreamer_
2,@TerresdeLink @Fred_yuki @florenard13 @AurelieCM C'est dommage. En tout cas merci. Je n'arrivais pas à trouver la r… https://t.co/Sftxt3dEz3,Thu May 03 14:43:18 +0000 2018,992051982335651840,Voyageusedesmot
2,J’avais prévu une séance aujourd’hui mais je suis fatiguéeeeee,Thu May 03 14:43:18 +0000 2018,992051982440517632,Emmaanyone
2,"Je fais passer 4 entretiens d'embauche demain, vis ma vie de RH.",Thu May 03 14:43:19 +0000 2018,992051984613171201,luckiflupke
4,Y en a qui ont vraiment du temps à perdre. :) https://t.co/hvLqEKKXfI,Thu May 03 14:43:19 +0000 2018,992051985355542528,seb332
2,@_knnkun Moi jles kiffais des que je les entendu t bisarre,Thu May 03 14:43:19 +0000 2018,992051986194423808,bella_ciaao
0,"je mange bcp trop quand je suis chez mes parents, ces 4 mois vont être trèèès long à supporter pour mon corps mdr",Thu May 03 14:43:19 +0000 2018,992051986165100549,theywillbefree
2,"Vos taff de pd la , j’ai commencer à 5h et la je rentre seulement chez moi azb",Thu May 03 14:43:19 +0000 2018,992051987486265345,alger_i1
2,je vais mettre un billet sur marseille cote 3.70,Thu May 03 14:43:19 +0000 2018,992051987482120198,dylancornet
2,@13jinjinn Je vois pas qui sait mdr,Thu May 03 14:43:20 +0000 2018,992051988216074240,baekyung13
4,@iamk_nny Je parlais juste d'une chanson qu'on considère comme LA chanson de son comeback. Après j'ai rien contre X… https://t.co/12iIMv9Ns7,Thu May 03 14:43:20 +0000 2018,992051988891389952,AymericBM
4,"Ça m'aura pris 6 mois, mais je suis extrêmement fier d'avoir pu compléter ce MOOC sur les sciences du système terre… https://t.co/y3dj0ShcrU",Thu May 03 14:43:20 +0000 2018,992051989679833088,FlashCordon
0,@MJulien_ ^^ il est gauche je crois.,Thu May 03 14:43:21 +0000 2018,992051993383489536,om371990
2,@rosesrollins @wwefarming UN PONEY JE CROIS,Thu May 03 14:43:21 +0000 2018,992051995262504961,HelluvaAbigail
4,@Hxnnessy_ Un de mes meilleurs potes tourne je lui demande comment il a fait comment c’était combien il a été payé… https://t.co/HhtciX1Uwl,Thu May 03 14:43:21 +0000 2018,992051996067852288,mimsxl
2,"#MonSuperPouvoirInutile Je peux rester une journée sur le canapé devant la télé",Thu May 03 14:43:22 +0000 2018,992051997556822017,John__Doeuf
4,Les jordan 11 low grise elle sont magnifique ! faut que je les prennes obligatoirement !,Thu May 03 14:43:22 +0000 2018,992051998181806080,_Wendy018
2,"Maintenant que que vous connaissez tous un de ses secrets, je vous en dévoile un autre : pour un grande sélection d… https://t.co/1KVlxIkYkE",Thu May 03 14:43:22 +0000 2018,992051998294986753,plazasthubert
2,J’ai claqué 1100€ en 1 semaine je dépense plus rien jusqu’à novembre 2034,Thu May 03 14:43:22 +0000 2018,992051999477727232,lakersix
2,@shotaSLY Je resterai avec toi...,Thu May 03 14:43:22 +0000 2018,992051999997820928,yeyerpgsly
2,@yoss9313 @Kikonlpl2 @DarkNight_CR @Payetzzz Elle passe son temps a se les foutre je ne sais ou comme toi tqt pas doudou,Thu May 03 14:43:23 +0000 2018,992052000543182849,bambina2121
2,@BoboGonalons Je pense pas,Thu May 03 14:43:23 +0000 2018,992052004016017408,Lacazettinho10
4,"@Minylaxou J’ai pas de chemises, juste une blouse à pois mais vu que je vais mettre un pantalon à rayures ça passe… https://t.co/bXKlgviSzF",Thu May 03 14:43:23 +0000 2018,992052004515143680,BUMPRINCSS
2,chaque fois que je viens ici je veux changer de perso. i hate myself.,Thu May 03 14:43:24 +0000 2018,992052006033518597,uncalledmike
0,Je vais faire l'aveugle sur les tweets de kanye psk jaime ses sons,Thu May 03 14:43:24 +0000 2018,992052006427725824,xyrxvi
4,"@GmLapin @Herzl5778 @arcanophile @amnestyfrance @IsraelIsreal Ben voilà, tout s'explique, je comprends mieux pourqu… https://t.co/33sud08Sbp",Thu May 03 14:43:24 +0000 2018,992052006784299008,Meldja_Altair
2,@JeeceHo @ohayoungdoin Javais le petit 1 bleu de notif je clique jvois « le tweet n’existe pas »,Thu May 03 14:43:24 +0000 2018,992052007618924550,SushiBolt
0,@_Myrrha_ mais c'est pas grave je vais essayer de continuer de poursuive quelques petits projets,Thu May 03 14:43:24 +0000 2018,992052008092880903,Flygoow
4,J’vais passer d’un 16 à un vieux 5 je chialerai demain,Thu May 03 14:43:25 +0000 2018,992052009305026561,ebru_cgl
4,@KAMI_TENGU @BlancheSab @HugoCouturier @pretzel6666 Non non elle l’à belle et bien favoriser avant de le cité ;). J… https://t.co/BDt00iySp8,Thu May 03 14:43:25 +0000 2018,992052010739519489,Clem_glm
2,@ahnhyeons elles spnt punis la si je peux me permettre,Thu May 03 14:43:25 +0000 2018,992052011146338304,jvsmvino
2,"@kia_dth Je t’en prie, tu es ?",Thu May 03 14:43:25 +0000 2018,992052011926507520,DTHhansol
2,"@Sephiroth_DB Mais si tu n'es pas d'accord avec moi, tant pis, je ne te demande pas de me comprendre, ni de me conv… https://t.co/cvC5NiPKC5",Thu May 03 14:43:25 +0000 2018,992052012446515200,samuo_z
2,Je me suis mis en binôme avec un petit gars au boulot mdr .. alors que j'étais juste venu encadré il m'a deja mit dans son histoire de sport,Thu May 03 14:43:26 +0000 2018,992052013801394176,AlexEvtt
2,JE CHERCHE À RP DU DRAMIONE,Thu May 03 14:43:26 +0000 2018,992052014371745792,eaudrey_
4,JE M’EN BLC DE TOUT,Thu May 03 14:44:27 +0000 2018,992052272875081728,flaviiiie_mno
2,"Je comprends les dires du rappeur @kanyewest, car, je peux aller plus loin et de dire à mon tour que : si la diaspo… https://t.co/bvBMbRkqK5",Thu May 03 14:44:27 +0000 2018,992052272317325312,EdwinDHAITI
4,Je vais faire un #finementhatworkout vous allez être étonné,Thu May 03 14:44:28 +0000 2018,992052277010751488,Belmoumene_H
2,Je suis d é p i t é e,Thu May 03 14:44:29 +0000 2018,992052277975375873,destidrauhl
2,Je viens de terminer le cours First Steps into Artificial Intelligence              de la Microsoft Educator Commun… https://t.co/xx0M9qY6b5,Thu May 03 14:44:29 +0000 2018,992052277782474752,Innovant12
0,"Un jour ma mère a perdu c 600k FCFA, et elle m'a dit XXX c'était pour ton nouveau tel ou ta nouvelle console j'étai… https://t.co/Fnpker9Uhe",Thu May 03 14:44:29 +0000 2018,992052277870546945,KingKr97
4,Qu'est ce que je l'aime,Thu May 03 14:44:29 +0000 2018,992052278336151552,ManonGodichaud
0,y a des gens sur twitter je vous imaginais avec un certain physique et quand j’ai découvert votre vrai visage j’ai été un peu déçue mdr :(,Thu May 03 14:44:29 +0000 2018,992052279120408577,iheartedstyles
4,@spetsnagirl Je ne la connaissais pas du tout avant ce matin. On vient de passer un sacré moment devant ce show. Hu… https://t.co/8aYm0PePyc,Thu May 03 14:44:29 +0000 2018,992052279464349696,SurraSunh
2,@annesophiexox Moi je deteeeeeeste,Thu May 03 14:44:30 +0000 2018,992052281708367875,Jouliement_
4,"Genre ok elle est curieuse de ouf et elle fait ça hyper souvent mais là c’était hyper important frere, je lui ai di… https://t.co/NNqwdCbER0",Thu May 03 14:44:30 +0000 2018,992052281976721408,goddesskth
2,mdr y a 15 cars de CRS autour de l'ENS c'est archi mort je rentre chez moi,Thu May 03 14:44:30 +0000 2018,992052283016966144,kaon_____
2,@gabyourboy PTDRRRR GABY TOI ET MOI ON VA CASSER UN TETE JE PAIE PAS 40€ POUR ME FAIRE INSULTER,Thu May 03 14:44:30 +0000 2018,992052283092492289,evaebg_
2,"@CarterChnine Emery a expliquer que pour entrainer un effectif de grands joueurs, il valait mieux demander a Zizou… https://t.co/zskK9ggwG8",Thu May 03 14:44:30 +0000 2018,992052284107493381,reload1808
2,Je joue Biathlon Mania dès maintenant. Inscrivez-vous et essayer de me battre! https://t.co/rrcyIXc5vO,Thu May 03 14:44:30 +0000 2018,992052285583872001,scouby7
0,@21hr00 Sale pute ( g été trop gentil je commençais à faire de l’urticaire :/ ),Thu May 03 14:44:30 +0000 2018,992052285436985345,MimieLMB
2,@jennyttlm il s'est exprimé déjà mdr... quand je dis de vérifier les sources,Thu May 03 14:44:31 +0000 2018,992052287211261953,eni_une
2,@Themistone @brutofficiel @GrasPolitique_ Donc une personne obèse n’a pas le droit de vivre normalement ? Une perso… https://t.co/Khc7YDFx3L,Thu May 03 14:44:31 +0000 2018,992052287416815617,wolf_sbk
2,Je suis sous le charme de Cantat https://t.co/fZdQQWrISl,Thu May 03 14:44:31 +0000 2018,992052287844638720,Echard88414079
2,srx tu conseilles Lolita ??? Ce livre qui fait l'apologie de la pédophile ?? — je l'ai conseillé à personne en fait… https://t.co/0zYJtNdIAD,Thu May 03 14:44:32 +0000 2018,992052290067599362,sadbanhmi
2,@tomienik Je sais,Thu May 03 14:44:32 +0000 2018,992052290004676609,WH0REVER
2,@AleFleet Nan mais en vrai je vais passer à la caisse tkt,Thu May 03 14:44:32 +0000 2018,992052290885505024,TheZarty
2,"T'as l'air super cool ! Mais je te connais pas assez :S Qui es-tu ? — Oooooh eh bien merci, déjà ! C'est un peu dé… https://t.co/en27glNh27",Thu May 03 14:44:32 +0000 2018,992052292672282624,lisarvensis
2,Mdr y’a 1 ans ça me critiquait mais je pense que je m’en sors autant que vous même voir mieux sans avoir eu 18 en t… https://t.co/N0hpxEQkJb,Thu May 03 14:44:32 +0000 2018,992052291850121216,ManonChabrand
2,Quand je dors et je sais que je suis tranquille pck y’a pas de réveil qui m’attend https://t.co/yk4libHUhn,Thu May 03 14:44:32 +0000 2018,992052293779513346,Dobreva93
2,@lusiiitano95 @Mattfouras64 @iFVPA @FVPAeSport @VpgFrance @OnclePicsouFIFA @KEDOfrPS4 Qu offensivement les mecs 1 v… https://t.co/6JN76TUBpG,Thu May 03 14:44:33 +0000 2018,992052294240952320,XxUmtiti23xX
0,@VersaceOnTae j’ai les boules de pas lui avoir dit tout ce que je voulais j’ai envie de pleurer il me manque déjà,Thu May 03 14:44:33 +0000 2018,992052295364988928,hoodiggory
2,En effet mes mentions c'est la décadence mais tu me manque aussi https://t.co/I1kDgXWwo9,Thu May 03 14:44:33 +0000 2018,992052295503368193,sharverftholt
2,pq y’a tjrs des gens que je connais ni d’Adam ni d’Eve qui me bloque..... https://t.co/T3u0gxTmbs,Thu May 03 14:44:33 +0000 2018,992052296702885889,oderey_
2,"@M_Glm33 @ManonCrimen @Judge_Maybe Le plus après l'épreuve est prévu. Pour le reste du temps, je vous laisse trinqu… https://t.co/iSBNKKoogD",Thu May 03 14:44:34 +0000 2018,992052300414930944,goofy5794
0,Les yeux bruns je trouve que c’est trop    négligé,Thu May 03 14:44:34 +0000 2018,992052300372996103,C4mille54
2,"Parfois jbalance des "" tu la sens ?? "" , "" mais ta grossi du cul hein "" https://t.co/UlHeBqb1Cl",Thu May 03 14:44:34 +0000 2018,992052300658208769,MlissaAziza1
0,"@al_petel @JLMelenchon Oui, et étant chez lui à l'Elysée, je vois mal le président balayer devant la porte de l'Ely… https://t.co/NW6isXzIwf",Thu May 03 14:44:34 +0000 2018,992052301056667650,BlipetBlop
0,"Non je suis pas d’accord moi je dis inculte, COLUMBINE IL EST OÙ LA DEDANS ! Vous m’avez déçu je vous boudes... https://t.co/73iovvJZGp",Thu May 03 14:44:34 +0000 2018,992052301832572928,Bonswer1
0,je regarde même pas cet animé mais g chialé comme dla merde https://t.co/SzXMt2On8F,Thu May 03 14:44:22 +0000 2018,992052250817323008,ElhammoumiHajar
0,"Tu vas à la salle ? — Pas vraiment je me contente de courir 4x par semaine, qlq exercices a la maison et une bonne… https://t.co/QueB0FvQcn",Thu May 03 14:44:34 +0000 2018,992052301962543109,rebecca212__
0,#MonSuperPouvoirInutile je fais des jeux de mots super pourris et  totalement aléatoires (mais faut il encore en re… https://t.co/NEj0BsCO7i,Thu May 03 14:44:35 +0000 2018,992052304038723584,Le_Pouic
2,Mdr j’crois on m’a jamais autant dégoûté de tte ma vie je lui tire mon chapeau,Thu May 03 14:44:35 +0000 2018,992052304844124160,Tiramimii
2,@gabriel_TheCode @AlexMeli777 @franck_rall @Mister_Bastos @UnGabOnais_Sawa @FranckDarling @ouloumou @Le_Gar_Bana On… https://t.co/ac6OgMN5p0,Thu May 03 14:44:35 +0000 2018,992052305351663623,ChrisEvindi
2,Niall est trop mignonne je craque.,Thu May 03 14:44:35 +0000 2018,992052306047881216,Tomlinwords
2,@hwgmnl Je vends des goodies s'tu veux...,Thu May 03 14:44:35 +0000 2018,992052306135875585,mnlkcs
0,c'est le regard que je lance aux méchants https://t.co/VbK4lwS02f,Thu May 03 14:44:36 +0000 2018,992052308279218177,mashkoe
2,@SebastienOS Je te comprends x1000!,Thu May 03 14:44:25 +0000 2018,992052263257505792,caropouk
2,@TeamMacronPR Pourriez vous SVP me donner le noms des fameux négociateurs de Macron ? Moi aussi je cherche à obteni… https://t.co/4TFQWmwlgB,Thu May 03 14:44:36 +0000 2018,992052310288338944,Herodote22
2,Notre amitié se termine donc maintenant https://t.co/m7umYjHuZv,Thu May 03 14:44:37 +0000 2018,992052311076818944,Klil27
2,et je suis seule dans l'auto école :)),Thu May 03 14:44:37 +0000 2018,992052312272195584,chxnglix
2,@KLNGTOM Je sais bordel . Tt façon à moins qu'il la fasse en 2020 g 0 chances,Thu May 03 14:44:37 +0000 2018,992052312486137857,raconzteur
2,@thierrydu12 @frod75017 @MichelPoulain @garyroustan @FrancMortimer @Franck_Aubry @adrienT75 @LeSilentio @1_joueur_… https://t.co/DxAcd3gz2m,Thu May 03 14:44:37 +0000 2018,992052312565780482,Stephane_Malet
4,@ParfaiteImperf Courage ! Je peux totalement comprendre ! Mon amie a le même soucis que toi elle est en hôpital ser… https://t.co/yPnBhxSs5j,Thu May 03 14:44:37 +0000 2018,992052312943276032,soumise_athena
2,"@eyonga2 Je vais très bien, merci et toi ?",Thu May 03 14:44:37 +0000 2018,992052313933139969,ArvelOpoki
2,"Mon prof de philo a peur des regards que je lui lance, du coup je fais ce que je veux en philo pendant que les autr… https://t.co/pLaHGK6Ztk",Thu May 03 14:44:38 +0000 2018,992052315539628032,Svrvhvpn
2,me lying omfg! on sait tous que je vais fermer ma gueule et menacer de bomber yg depuis mon lit bref,Thu May 03 14:44:39 +0000 2018,992052320178458624,yg_audition
2,@PetitVoyeur69 sans doute mais comme ce jour là je n'ai pas eu mes 50 RT vous ne verrez pas,Thu May 03 14:44:39 +0000 2018,992052319704494080,angiestagliotti
2,je comprend plus rien là,Thu May 03 14:44:39 +0000 2018,992052321092808704,luminosite_
2,T'as écouté @ValereGermain ? Ne porte pas tes couilles comme ça je pourrai voler son @ https://t.co/UnDuo51xOo,Thu May 03 14:44:39 +0000 2018,992052321369706498,theoOM03
4,@nicofrom972 @Le_Figaro J'ai beau relire je ne vois pas en quoi je suis dans l'erreur. On parle de supprimer les ré… https://t.co/f1P1v19Ynl,Thu May 03 14:44:39 +0000 2018,992052321436741633,PierreRollin
2,@UnArmenien_ @Mushroomeu Aucune idée je pense que c'est un gars qui a fait ça pour gonfler ses stats ce qui est arc… https://t.co/1JiTLSEN0k,Thu May 03 14:44:40 +0000 2018,992052324846784512,Damiengrndt
0,@ASMSUPPORTERSFR @glenthe_best @AS_Monaco Mouais tu as peut être raison toujours est-il que je vois mal les autorit… https://t.co/lxXAyVKyqp,Thu May 03 14:44:40 +0000 2018,992052325849149440,Kekedestowns
0,"Je sais pas si c'est le """"""soleil"""""" ou le turbo seum, mais je  ̶d̶o̶n̶n̶e̶r̶a̶i̶s̶ vendrais mon âme pour une bière...",Thu May 03 14:44:40 +0000 2018,992052326407000064,chrispr0ls
2,"N'empêche mon tatoueur je l'aime trop il est trop cool, quand il m'avait tatouer il avait mis les musiques des miya… https://t.co/4U3HvlfH3I",Thu May 03 14:44:40 +0000 2018,992052326948057088,xTerra_Madre
2,on va voir flou le jour ou riles il va vraiment mourir et ou tout le monde pensera que c'est un meme,Thu May 03 14:46:59 +0000 2018,992052908861546500,saint__oscar
2,@Ayluc_ Je suis déjà à jour.,Thu May 03 14:47:02 +0000 2018,992052922610483200,BlackGoku682
2,Y vient un jour ou la vieillesse nous rattrape le coeur y est mais le reste est a refaire ou a réparer nous ne somm… https://t.co/FVzmIxDe5p,Thu May 03 14:47:03 +0000 2018,992052926079258624,danseurle
2,Un jour jai demandé à un gitan sa a quel goût un hérisson et jvous jure il m’a répondu très sereinement « borf c’est comme l’écureuil »,Thu May 03 14:47:03 +0000 2018,992052927203299333,JeSappelSai
0,@bastienhal Un jour on jouera ensemble et je perdrais comme une grosse merde mdr,Thu May 03 14:47:08 +0000 2018,992052945184264193,buddhaformarin
4,"Le nouveau magazine sort aujourd'huiiii et j’ai décidé d’explorer le thème de la curiosité. Rassurez-vous, curiosit… https://t.co/cynM6pTfXe",Thu May 03 14:47:11 +0000 2018,992052958467588096,3foisparjour_
0,@vxjumel @Mr_tom4 @TigerKabombo @xternisien @EPhilippePM pas pensé à demander sur le coup! J'avais un peu d'autre c… https://t.co/18uhyf8wT9,Thu May 03 14:47:16 +0000 2018,992052977857912833,Venise75
2,@RichardTalbot9 @LehmannDrC @OreSeur_K Je fais régulièrement. Même en datant du jour de la consult. Aucun soucis,Thu May 03 14:47:18 +0000 2018,992052986393309184,PCHARBONNEL01
4,@ninoulyon Merci je rt !,Thu May 03 14:47:31 +0000 2018,992053041556844545,six_fois
2,pk etre chez la secu alor ke la pilule n’est pa remboursée alor ke c un besoin pr éviter les avortement mdr. https://t.co/5y2PRhjlsQ,Thu May 03 14:47:31 +0000 2018,992053042945064960,milgyal
0,"Comment ça je pose mon lundi pour aller dans le sud et il fait pas beau ?
Change vite avant que j’te démarre @météo",Thu May 03 14:47:31 +0000 2018,992053043427532800,Max__P10
4,C’est bon ! Je suis HS du coup !,Thu May 03 14:47:31 +0000 2018,992053044035620866,Diseur_DeVerite
2,#TeamOM #RBSOM je suis en mega stress la,Thu May 03 14:47:31 +0000 2018,992053044283170817,gilleskheops
2,@_JulianOfficial @efootdefrance @Vitality_Neo @Vitality_Brian @LOSC_Maestro @PSG_RocKy @DaXeFiFa @M_Herozia Je sais… https://t.co/YwtBU1YUBS,Thu May 03 14:47:32 +0000 2018,992053045432340482,Parissiano91
0,jsuis au kiloshop je vais giga rater mon train mais au moins j’ai trouvé un short adidas trop mimi,Thu May 03 14:47:32 +0000 2018,992053046707449859,zoroasis
2,J’ai décidé de commencer à faire mes devoirs mais je sens que je vais très vite abandonner,Thu May 03 14:47:32 +0000 2018,992053047001001984,ManonLucasS
2,Je kiffe ce genre de rencard https://t.co/P050VVjwWV,Thu May 03 14:47:32 +0000 2018,992053047344889857,Nouxaraa
2,"@mimiryudo Si je peux me permettre, ça rendrait mieux avec des lignes un peu plus espacées, là c'est très compact,… https://t.co/GxtFLGJMjE",Thu May 03 14:47:32 +0000 2018,992053046854258690,asmoth360
0,@DRACALURABE @The_fredoo @DefendEuropeID les gauchistes et autres soumis ( je me comprends)  foutent le feu tout court !,Thu May 03 14:47:33 +0000 2018,992053049198825479,_Pink_M69
2,"Comme si je n’étais pas assez en flippe Etawan en rajoute une couche Puis ce sont des araignées pas des poux !",Thu May 03 14:47:33 +0000 2018,992053051606425602,Leopoldinemnl
4,"La musique je la saigne, véritablement.  Sa chanson, son clip, SA VOIX, SON RETOUR. Qu’est-ce que je l’aime mon die… https://t.co/M77yzPPSTA",Thu May 03 14:47:33 +0000 2018,992053051786715136,Holly16blr
2,En plus je bosse ce soir,Thu May 03 14:47:33 +0000 2018,992053051627319296,loana_badier
2,@serena113 Oui frate je vais pas tarder à mourir bisous,Thu May 03 14:47:34 +0000 2018,992053054110425088,chiara_venaut
0,@Avenbana En vrai la je me suis vite fait habitué mais c'est étrange quand même mdr,Thu May 03 14:47:34 +0000 2018,992053053787385856,KevinGuehl
2,J'ai dormi 4h je suis pas bien,Thu May 03 14:47:34 +0000 2018,992053054240428033,wotorez
2,@guignol60400 @Stark_Splxshh @Rivers_Royal10 @HaK3Rs6_BlaZEuR @ROBOTIX77 @roromain5602 @KxhzFr @xNoPain Ah excuse p… https://t.co/XK7LyfbwX5,Thu May 03 14:47:34 +0000 2018,992053057407078400,Vabixx
2,Demain je vais faire mes piercing https://t.co/4Ra2kNk5kK,Thu May 03 14:47:35 +0000 2018,992053057801326593,yanaelle_
2,je te donne mon insta et viens t’abonner stp — D’accord https://t.co/KPbsGmxc65,Thu May 03 14:47:35 +0000 2018,992053058963169285,EmreTURC68
2,Khad3 je l’aime trop mais j’arrive pas a dire son prénom,Thu May 03 14:47:35 +0000 2018,992053059978133504,bb2bae
2,@BelleduHentail Cesr Se que je vais te faire,Thu May 03 14:47:35 +0000 2018,992053061043572737,Nono25304952
2,On est là hein https://t.co/QcJJi4dXfi,Thu May 03 14:47:36 +0000 2018,992053062645764096,MylenaDetraz
4,La je réfléchis et je me rends compte que je suis devenue exactement celle que je souhaitais devenir plus jeune,Thu May 03 14:47:36 +0000 2018,992053063786647552,lynamalandro
4,"@eastandlaw @mgmaire @NftDCP Finalement j’ai un doute, sur son site l’éditeur précise que ce sont des recueils mens… https://t.co/JtlETci9JA",Thu May 03 14:47:36 +0000 2018,992053065225293826,ilxipa
0,@bfluzin tu te fais du mal aussi... (dans ces moments perso je m'allonge à côté de mon chat #astuce #soutine),Thu May 03 14:47:36 +0000 2018,992053065313345536,Nyoww
2,@shuacoffee je te wait.,Thu May 03 14:47:37 +0000 2018,992053068631035904,ltmcoffee
4,"@VickyAG16 Je viens de finir ma première année , j’ai fini 1ère avec 100 point d’avance :))",Thu May 03 14:47:38 +0000 2018,992053070740811776,citationsados14
2,"@SireGoupil Très humblement, je pense qu'il y a peu de joueurs capables de me battre dans ce monde.",Thu May 03 14:47:38 +0000 2018,992053071525175296,ChandlerDrink
2,@VenomSplashwave J'PEUX PAS JE FAIS LE MÉNAGE WESH,Thu May 03 14:47:38 +0000 2018,992053073219588096,VixenKing
2,J'ai glandé mais je reviens ! https://t.co/roa3Rnjmkx,Thu May 03 14:47:38 +0000 2018,992053070526808068,Ynho_Shaman
2,Je déteste les managers qui ne savent pas se séparer d'un collaborateur de manière mature et professionnelle. Il fa… https://t.co/KHOHTCPOw5,Thu May 03 14:47:39 +0000 2018,992053074691788800,yungkimsu
2,Si c’est de la zumba je le supprime de ma vie https://t.co/BBMlQVRzol,Thu May 03 14:47:39 +0000 2018,992053078022148096,IngloriousJo
2,Quelqu’un qui me dis que tu m’aimais encore serait-ce possible alors  ? Mais qui est ce qui m’a dis que toujours tu… https://t.co/u5RSUW37LU,Thu May 03 14:47:40 +0000 2018,992053078663802881,tyni_17
4,"@moodaccessoires Je suis trop content Merci beaucoup !!!",Thu May 03 14:47:40 +0000 2018,992053079477452800,florianb189
2,Si je veux la couleur la #TeamNewHopeClub,Thu May 03 14:47:40 +0000 2018,992053080593195010,oceanevimont
0,"@TeamYouTube Personne a accès à mon compte je suis le seul gérant de ma chaîne, et je sais que je ne l'ai pas mis l… https://t.co/FiEYqVxahn",Thu May 03 14:47:40 +0000 2018,992053080471539712,Christopherms76
0,"@CyranoWilas Euh... C'est quoi le problème, je vois pas ! Si j'ai pas le permis, je ne dois pas aimé les voitures",Thu May 03 14:47:40 +0000 2018,992053080903618561,Judelenclos
2,"Cet aprem, j'ai trié les fournitures créa mis en sachet ce que je vends et étiqueté chaque sachet au prix que j'éva… https://t.co/fopyCIjUAG",Thu May 03 14:47:40 +0000 2018,992053081029345280,Ursidea
0,quand je regarde les enquêtes impossible y’a des histoires elles me font trop de la peines wsh,Thu May 03 14:47:40 +0000 2018,992053081083990016,laureenjdash
2,"@twoinou_ Au début je pensais que c’était un truc ultra bateau « La fête est gachée, gniagniagnia » et puis j’ai vu la souris Hitler...",Thu May 03 14:47:40 +0000 2018,992053081427890176,Ronn_Gowan
4,@Jenniferetjuli1 De la raie a manger j adore en plus elle est tellement mignonne que je le degusterai doucement. Fa… https://t.co/J4AXZqKcqJ,Thu May 03 14:47:40 +0000 2018,992053081364926465,jeanbonbeurre18
2,"Je dois attendre juillet.. #TeamNewHopeClub",Thu May 03 14:47:40 +0000 2018,992053082564497414,oceanevimont
2,"C’est décidé, je me mets à la pêche !! https://t.co/oNXw2mRPR7",Thu May 03 14:47:41 +0000 2018,992053084623986688,Apo_Fils
2,Sinon faut que je change de couleur #TeamNewHopeClub,Thu May 03 14:47:41 +0000 2018,992053084934344705,oceanevimont
0,@SgtPutride @BarbierAlexis_ @Chatkovski @BFMTV Désolé trouduc j'ai mes sources ailleurs que dans les merdias gouver… https://t.co/7Cpfjp05sO,Thu May 03 14:47:42 +0000 2018,992053086943416320,RousseletValri2
2,@maskot8z Hess cro je crois,Thu May 03 14:47:42 +0000 2018,992053087614455808,PiierreAlex06
2,@ahpeachy @jayzuhime @Rei0D @ZySekai Je me le demande aussi xD,Thu May 03 14:47:42 +0000 2018,992053088818204672,Heartiilly
2,@nothingbutdreek @MUnitedFrance Je comprends ce qu'il dit et je suis d'accord avec lui. En même tps si Bailly était… https://t.co/LfdC6etM8l,Thu May 03 14:47:42 +0000 2018,992053089103417345,smosmo26
2,"@laurentboyet Je vous soutiens totalement. Ces gens, bien qu'ils soit minoritaire, ont pour seul objectif de crache… https://t.co/VCIXDz9oWo",Thu May 03 14:47:42 +0000 2018,992053089178996738,compte_random
4,Jsuis mort ils ont fait une défense avec que des latéraux ! Et là des défenseurs de premier ordre (je veux dire par… https://t.co/jkAXL2pnKa,Thu May 03 14:47:42 +0000 2018,992053089808146433,Eishenberg
2,"Zarco et Espargaro chez RedBull KTM en 2019, avec de la chance Folger et Hafizh chez Tech3 KTM, je sent qu'en 2019… https://t.co/aR37ZTmYkt",Thu May 03 14:47:43 +0000 2018,992053091720683520,DJwid
0,"Berbatov : ""J'aimais jouer en défense à l'entrainement. Martial venait vers moi, mais hésitait à me provoquer parce… https://t.co/pXGjOlmHgd",Thu May 03 14:47:42 +0000 2018,992053090714116096,MUnitedFrance
2,@__jlgr Vasy fais la prude je dirais rien !,Thu May 03 14:47:43 +0000 2018,992053092697993217,_ocruhtra
2,Je lui reconnais au moins un mérite : assumer ses propos publiquement et son identité. Contrairement aux brebis gal… https://t.co/ON7M5KeRTn,Thu May 03 14:47:43 +0000 2018,992053094795096065,Tiembs
2,Je préférais manger de la mort au rat plutôt que de passer 1semaine avec lui.,Thu May 03 14:47:44 +0000 2018,992053095487234048,lola_scht
2,"@phonandroid À voir. Si c'est pas trop envahissant, je laisse. Sinon désactivation",Thu May 03 14:47:44 +0000 2018,992053095738888192,FPistoo
2,#MTVLAKPOPBTS j’ai pas compris ce hashtag mais si c pour voter BTS alors je tweet,Thu May 03 14:47:44 +0000 2018,992053095915048960,juliemarcas
2,@PieroniFG @alexandreruiz Quelle arnaque ? N'oublie pas qu'il a joué la phase de poule avec Liverpool en étant déci… https://t.co/yjkWOyEDY3,Thu May 03 14:47:44 +0000 2018,992053096179171331,Tihoni_987
2,Ces 8h de vignes sous la pluie et empêtrée dans la glaise m'ont fragilisée je suis à bout de force,Thu May 03 14:47:44 +0000 2018,992053098142150657,priotic
4,"⭐️ simsim de surnom, un petit garçon (bah oui t’es en seconde prend pas la confiance) très gentil et très mignon au… https://t.co/JNNDWrJuMx",Thu May 03 14:47:45 +0000 2018,992053099979264001,aniosys
2,@CapitaineFlam4 Je plussois,Thu May 03 14:47:45 +0000 2018,992053101845712898,Maximousse06
4,JE L'AIME JE L'AIME JE L'AIME JE L'AIME JE L'AIME JE L'AIME JE L'AIME JE L'AIME JE L'AIME JE L'AIME JE L'AIME JE L'… https://t.co/z1YHkPUZHc,Thu May 03 14:47:45 +0000 2018,992053102541983744,lisagustd
0,allez-y je m’ennuie  https://t.co/0CHxRunAmy,Thu May 03 14:47:45 +0000 2018,992053103544455170,mahe_gmb4
4,Je sais pas comment certaines personnes font pour réussir à vous oublier du jour au lendemain alors qu'ils disaient vous aimer,Thu May 03 14:47:47 +0000 2018,992053108577628160,MadisonNsk
2,"À part @mubifrance et une alternative à la radio pour découvrir de la musique, qu'y ai-je gagné ?",Thu May 03 14:47:48 +0000 2018,992053113405177856,jysuistoujours
4,tte ma vie jme dis que je vaut mieux que tt ces chiens et chiennes dans la rue tt simplement car je suis la meilleure et vous???,Thu May 03 14:47:48 +0000 2018,992053113690476545,moonstones_
2,Au début de l’année j’aimais bien la comptabilité et bah maintenant je déteste ça ! C’est satan !!!!!!,Thu May 03 14:47:48 +0000 2018,992053115330482176,_Pow__
2,@Sambuhlmann @nbaextra @cavs @Raptors tu bosses demain nan? je regarde chez moi zen,Thu May 03 14:47:48 +0000 2018,992053115426877442,nicopfmr
2,"MDR les sms dans lesquels je parle de n'importe quoi de près ou de loin lié a lutte ne ""veulent pas s'envoyer"" sur mon tel",Thu May 03 14:47:48 +0000 2018,992053115892494336,_Rosarya
4,quand je pense que lundi c’est la rentrée et tous les jours je me dis que je vais commencer mes devoirs mais en fai… https://t.co/0Vt3ngLl6F,Thu May 03 14:47:48 +0000 2018,992053115967991814,flaviiiie_mno
2,"5 jours apres, je comprend enfin!! https://t.co/r8DcxDUgPD",Thu May 03 14:47:48 +0000 2018,992053115787636736,BritneyPlage
2,Rio Ferdinand: «C'est le coeur lourd que je raccroche les gants» https://t.co/ZPMuqpOPys https://t.co/QULYxY7o4b,Thu May 03 14:47:48 +0000 2018,992053116064296961,20min_Sports
4,"@PEREIRADAROCHAJ Merci ma cherie,malgre que je ne suis pas fumeur.",Thu May 03 14:47:50 +0000 2018,992053121399578630,ahmed_meksen
2,"@docteurmilie Je faisais désinfecter à la chlorhex, avec un niveau de preuve oscillant entre le #NDPMM et le #WTF",Thu May 03 14:47:50 +0000 2018,992053121596653569,Echologiste
0,Tu m’avais promis des choses tellement insensées mais le plus insensé c que je te croyais,Thu May 03 14:47:50 +0000 2018,992053121894449152,celinegense
2,"je veux aller courir mais j’ai la flemme, oups",Thu May 03 14:47:50 +0000 2018,992053124104892416,erostyx
2,"Votre cléon il me colle dans le métro je crois il veut ma vie, il rêve de s’appeler comme moi sinon je vois pas de raison.",Thu May 03 14:47:50 +0000 2018,992053124151107585,OhNaana_
2,@FregzPob @Just_Bonus1 En plus qu’est ce que tu parles je te connais pas donc vient pas dire que je fais des deco,Thu May 03 14:47:51 +0000 2018,992053124612411392,celestron13
2,Je pense qu elle ne vaut même pas ça. https://t.co/j0fz96mCck,Thu May 03 14:47:51 +0000 2018,992053124960604160,dmeublat
0,PTDRRR LE GARS DANS ALLONS CHANTER ME TUE JE VAIS REGARDER DEMAIN :/,Thu May 03 14:47:51 +0000 2018,992053128446054401,imafraxd
2,Je suis en train de jouer au 7e joueur sur https://t.co/MrtgLoH2ZL. Joins-toi à moi ! https://t.co/56yxkXXiRx,Thu May 03 14:47:51 +0000 2018,992053128269828096,syl20lef
4,Pendant ce temps là je mange toutes les chouquettes,Thu May 03 14:47:52 +0000 2018,992053129087799298,666friendly
2,Venez pas vous intéresser a moi quand je vivrais dans un villa lol,Thu May 03 14:47:52 +0000 2018,992053131197534208,flavptvn
0,@El_ChatPo Je pense qu'on arrive à un point d'arrêt. Vous pensez que pour combattre les capitalistes il vaut mieux… https://t.co/vpspAudVzM,Thu May 03 14:47:52 +0000 2018,992053131906297861,_MarieCh_
0,@MarcFrdric1 mon arrière grand mère disait que la vie était une tartine de merde dont on mangeait un petit morceau… https://t.co/Xx7R7Ro69E,Thu May 03 14:47:53 +0000 2018,992053133009399814,Blondin1024
2,Clairement la nouvelle chanson de @celinedion je suis déjà en love c’est un truc de fou comment je l’aime trop cett… https://t.co/z9H5pspWMO,Thu May 03 14:47:53 +0000 2018,992053133013671937,shaynese_o3
2,"@kisslide @brennxnl @a_lovelies mais c'est dans sa façon d'être ? ça fait des mois que je la connais Ash, pas perso… https://t.co/juFIqvN4dz",Thu May 03 14:47:53 +0000 2018,992053134582304769,rpwreynolds
0,Bejfnajs mon enfant je suis en train de pleurer https://t.co/6GKWeTi3ik,Thu May 03 14:47:53 +0000 2018,992053135093960705,TenshiHiime
2,@MerdeDeMinnie Mais là c’est pour le boulot Lyon pour marque on avait une foire et leran c’est une architecte d’int… https://t.co/gYRUJ49jCN,Thu May 03 14:47:53 +0000 2018,992053136020983808,aiichataa
4,"@NoudaR6 @Orange_conseil @LALIGNEDEFREE Ca fonctionnait très bien jusque là depuis un an, avec un bon débit stable.… https://t.co/kfcY1TDQpH",Thu May 03 14:47:54 +0000 2018,992053138654932993,jahkR6S
4,Jim Rama Ft. Alan Cav� - Parce que je t'aime,Thu May 03 14:47:54 +0000 2018,992053139145723906,djcaribbean1
2,"Je fais un petit reportage sur le boycott. En posant la question si oui ou non vous êtes au courant, si oui vous bo… https://t.co/sPY9eqU3Sk",Thu May 03 14:47:54 +0000 2018,992053140156551173,informateuse_
2,"Y a des gens qui se mettent sur la gueule dans mes mentions, je crois que c’est quand on commence à être un gros co… https://t.co/I6lnGwaUzi",Thu May 03 14:47:55 +0000 2018,992053145365819392,ArthurForest
2,ANGELO JE TE JURE QUE JE T’EN MET UNE SI TU T’APPROCHES AVEC CE SEAU. https://t.co/gdKd0y5kqz,Thu May 03 14:47:56 +0000 2018,992053146460532736,kaImnl
2,@MereMicheline Je dirais du développement personnel à l'envers. Je veux garder le mystère. Au cas où je me lance,Thu May 03 14:47:56 +0000 2018,992053146984894464,emyetcetera
2,Je joue Biathlon Mania dès maintenant. Inscrivez-vous et essayer de me battre! https://t.co/e1Byd5fNjs,Thu May 03 14:47:56 +0000 2018,992053147001606145,dom49bspp
2,je vais te mettre le feu au cul enfant de pute,Thu May 03 14:47:56 +0000 2018,992053149006548992,jupont62
2,@Anatypique Mdr je crois il se rend pas compte de ce qu'il ce passe sur terre,Thu May 03 14:47:57 +0000 2018,992053151049150465,A_skaikru
2,"@samkiller666 @N0RAMl @whysoseriousgod @TraYt0N T'es très naïf dit donc, ce n'est pas parce que quelqu'un décide de… https://t.co/SrV2mmmo7b",Thu May 03 14:47:57 +0000 2018,992053152252858368,Epsy222
2,@daska420 @ThomMills @KMbappe Je comprends que tu puisses défendre ton compatriote c'est normal mais juste va sucer… https://t.co/QHzasoBgrX,Thu May 03 14:47:57 +0000 2018,992053152462573568,pierrelukusa
2,hah regardez ce boloss qui stressait https://t.co/YwY6y5EuXW,Thu May 03 14:47:57 +0000 2018,992053152689074176,S_E_V_9_1
0,"@bouyguestelecom J'ai perdu mon adresse email pour le connecter à mon espace client, comment je peux faire?",Thu May 03 14:47:57 +0000 2018,992053153502842881,Likatrip
2,@_Shakeem_ @Tw2ezy Je le suis tu sais .,Thu May 03 14:47:58 +0000 2018,992053154249404416,sasaridon
2,Si c’est une stratégie ça va encore plus révolter les gens ! Tu ne vas pas jouer avec le passé de tes ancêtres ou l… https://t.co/LBz47ThQbH,Thu May 03 14:47:58 +0000 2018,992053155918745600,MicheleMinkata
2,J’ai encore sombré... https://t.co/i2O7gtNLPu,Thu May 03 14:47:58 +0000 2018,992053156052979712,no_masino
0,"@Fabian_Prewett_ *Il te lâche après quelques secondes et s'assoit sur la table, balançant ses pieds dans le vide en… https://t.co/Kf6prPpIM3",Thu May 03 14:47:59 +0000 2018,992053159370608640,Prewett_Rpg
0,Je passé de 2 seance de sport par jour à 1 séance par mois les mauvais effet de la depression Lol,Thu May 03 14:47:59 +0000 2018,992053160255647748,le_Kuzan
2,"@Nimes_Media Je préfère un stade qui rappel les Arènes romaines, ça augmentera à puissance des gladiators et de nem… https://t.co/EjxETUhX1Z",Thu May 03 14:48:00 +0000 2018,992053163942404097,JSO_Aubord
0,sortez-moi je cet ennui svp  https://t.co/hX7DLQDTDw,Thu May 03 14:48:00 +0000 2018,992053164256919552,junevrsc
0,"Je remercie l’entreprise de pub de d’avoir faire pleurer comme une merde, même si c’est toujours le cas actuellement.",Thu May 03 14:48:01 +0000 2018,992053166593241089,Stel_dl
4,@UltimateGameur Oui je pense que c'est une pure création de Fû à partir d'adn saiyans de différents univers / timeline,Thu May 03 14:48:01 +0000 2018,992053167763341312,SaikyoDevin
2,@kenzo_rp @RookieGarry972 Moi je dirais celui là : https://t.co/r3LmlxyzSY,Thu May 03 14:48:01 +0000 2018,992053166958145536,TheDiDyliciOus
2,@KarimD26 @CyrilGAnalyse @LoicMoyen64 @Girondinfos @diabate33 @girondins @AdrienMonk64 @vavasazzo @MichaelNilor Je… https://t.co/OM5nhQnR3e,Thu May 03 14:48:01 +0000 2018,992053169269198848,BastiearthurH
0,Je pense que t’as oublié de supprimer une vidéo que t’as mis sur Twitter — Bah viens en privé et demande moi de l’e… https://t.co/Jrjmi7iKD8,Thu May 03 14:48:02 +0000 2018,992053170812674048,enzo_boury
4,"@kagamiro Mais noooooooooooon. Moi j'adore comment tu dessines puces !! Vraiment, t'as un style super. ♥ Vraiment d… https://t.co/zRldga8x0D",Thu May 03 14:48:02 +0000 2018,992053171047497730,AyumiAkabane
4,Changement grâce à une habile bicrave de loubard j'ai réussi à changer de sujet toutefois je n'ai toujours pas avancé :) !!!!,Thu May 03 14:48:02 +0000 2018,992053172867862528,TokoRaion
4,Changement grâce à une habile bicrave de loubard j'ai réussi à changer de sujet toutefois je n'ai toujours pas avancé :) !!!!,Thu May 03 14:48:02 +0000 2018,992053172867862528,TokoRaion
4,"Hello @EXCALIBURCOMICS! Je voulais savoir sous vous envoyez le lot complet du #FCBD18 pour toute commande effectué… https://t.co/oO2dtsJf0z",Thu May 03 14:48:03 +0000 2018,992053176231780352,zebulondotecom
4,@CacTt4ck Que je veux que tu sois heureux,Thu May 03 14:48:03 +0000 2018,992053176806322176,Allias_cc
4,@isallys11 @Sarah_mkl Merci d’avoir dit tout ce que je pensais,Thu May 03 14:48:04 +0000 2018,992053179599728640,_Sterling_7
0,c’est con pour une fois que je suis plus ou moins fier de mes dessins je peu pas les poster sur les réseaux.,Thu May 03 14:48:04 +0000 2018,992053180438597632,lilith01231106
2,@AmazonFR Bonjour j ai un soucis sur la commande que je viens de recevoir j ai commandé 3 vinyles de musique et 2 s… https://t.co/gxEyRkLgov,Thu May 03 14:48:04 +0000 2018,992053180946149376,Fred_Kellner
2,Je veux voir mes potes,Thu May 03 14:48:04 +0000 2018,992053182225420289,CmEvaa
2,@MarshkimD Je devrais plus songer à bannir Morgana et lee son ça fait 3x que je perd à cause d’une Morgana et d’un lee sin dans une game,Thu May 03 14:48:04 +0000 2018,992053182623813632,scentsoflie
0,J'ai quelques mutuals en M2 et je lis tjs leurs tweets et j'admire leur réussite pendant que moi je fous rien,Thu May 03 14:48:04 +0000 2018,992053182770671617,artothethur
2,"@RchdManon Hey, hey, hey.  Je pense que tu vas beaucoup aimer ça. https://t.co/Pl7eOja2Bn",Thu May 03 14:48:04 +0000 2018,992053183076761602,vetementsfranc1
2,@CarrapaA @NeverLetBurnOut si je faisais de la pub https://t.co/kxZNO2fNzK,Thu May 03 14:48:05 +0000 2018,992053183693369344,CecileLAutre
2,@julyfrcz Ah ouais? Moi c’estpas ma derniere chance mais c’est ultra important si je veux me faire une place...c’es… https://t.co/tkIjf8CO6i,Thu May 03 14:48:05 +0000 2018,992053184926486529,LeixyaCosplay
2,Les meufs rebeu qui s'invente des origines africaine je vais vous claquer vos mères vous allez voir depuis quand t'… https://t.co/gHbavfEvfy,Thu May 03 14:48:05 +0000 2018,992053186130259968,kxnyssa_
4,Jim Rama Ft. Alan Cav� - Parce que je t'aime,Thu May 03 14:48:05 +0000 2018,992053187204079623,islandunited
4,@ALarigaudrieBFM Mais Oncle Grand Pa c'est le Grand père et l'oncle de tous les enfants de la terre. Et il ne dit p… https://t.co/yeERrgLCLc,Thu May 03 14:48:06 +0000 2018,992053187468283904,Misslipstick75
2,Faut que je trouve une série de conte scp à animer hhh,Thu May 03 14:48:06 +0000 2018,992053188445564928,alba_troce
4,@Osanguine_Cos Tututute faut jamais dire jamais ! Je pense que le design sera ouvert au craft post blizzcon ! Tu as… https://t.co/vLCbPqnTsh,Thu May 03 14:48:06 +0000 2018,992053188743352321,amarhaak
4,"@Shisheyu C'est pour ça que c'est le meilleur jeu de plateforme de l'univers. Mais là je boucle le test de DK Trop… https://t.co/QBcOgoM4BM",Thu May 03 14:48:06 +0000 2018,992053189120806913,ZeKwev
2,Mise à jour : #Moussa comparaîtra demain au TGI. Pas d'expulsion pour le moment. Stay tuned. Je ferai passer les infos que j'ai,Thu May 03 14:48:06 +0000 2018,992053189313728514,corzntin
2,@HeybergerLucas Je connais pas par coeur car ce règlement des JIFF me hérisse le poil faut demander à @AllRugbyCom,Thu May 03 14:48:06 +0000 2018,992053190668537869,ValeursDuRugby
2,@Guinebow Je suis allé vérifier entre temps et c'est bien ça. Mais c'était en 2013.,Thu May 03 14:48:07 +0000 2018,992053192094609409,cloneweb
2,"@Marcomarcomtrif Je n'ai jamais travaillé les divergences cachées, à tord surement mais je ne connait pas",Thu May 03 14:48:07 +0000 2018,992053194393088000,lanalyste_com
4,"#Challenteouiaremakers #OuiAreVac éh éh éh me revoici, me revoilà, de nouveau par ici pour un nouveau challenge en… https://t.co/PBxKpy8euj",Thu May 03 14:48:07 +0000 2018,992053194552496129,chagazoulou
2,"Je ne suis pas venu dans ce monde pour etre un figurant mais etre parmis les first class..  Traites moi de mutant,… https://t.co/A3RW3FG9VR",Thu May 03 14:48:07 +0000 2018,992053192773992448,SinglebabyW
2,@sancho_leo21 @_LucaP10 @zaksnowmdr Vraiment dépassé je suis. Il juge sous quel base enfet,Thu May 03 14:48:07 +0000 2018,992053195794014208,lemra_kira
2,@Mattfouras64 @buZzer_beAter9 @sofoot @DHoudret @ThomMills Ça a toujours été des matchs de gala c'est d'ailleurs po… https://t.co/I5PZy1Xz9e,Thu May 03 14:48:08 +0000 2018,992053195903037441,Genuine_PSG
2,"@LolitaFourmi Il me semble avoir camouflé le ""intéressé par"". Je peux pas vraiment mettre hommes vis-a-vis de mon p… https://t.co/daH9WwO2So",Thu May 03 14:48:08 +0000 2018,992053196372791302,The0re0
2,"@MelodyMarine salut , je me demande si crane rouge va revenir sur terre et reformer hydra ?",Thu May 03 14:48:08 +0000 2018,992053196595105792,latverieruller
4,"Bon ben puisque j'ai plus besoin d'aller manifester pour Moussa, je vais acheter des légumes et des fraises chez Laure",Thu May 03 14:50:21 +0000 2018,992053756970881024,RvFouuu
0,@ChandlerDrink Mais mon pote même avec le pire club saoudien je te fume sans regarder l'écran,Thu May 03 14:50:21 +0000 2018,992053756673056768,SireGoupil
2,"@bobby38_bcn @HugoCouturier j'incite  personne, j'ai dit que l'agacement me donnait envie, pas que je le ferai. Mon… https://t.co/qvtxfV2d76",Thu May 03 14:50:21 +0000 2018,992053757843333120,LenaMiko
2,"je sais pas par où commencer,, https://t.co/PwI8SOptUV",Thu May 03 14:50:21 +0000 2018,992053757600034817,jojiraya
0,"RT kenpro11 ""__E_l_i Pas capable sur Twitter , mais si tu veut je peut te l’expliquer live avec une bière""",Thu May 03 14:50:22 +0000 2018,992053758631796736,TonyPapaMTL
2,Je suis moi même https://t.co/9NrRubFcQI,Thu May 03 14:50:22 +0000 2018,992053758749298690,Dobreva93
2,"RT kenpro11 ""__E_l_i Je suis syndicaliste, qui dans une forme représente un peut le socialisme, mais nous sommes pa… https://t.co/SurRY0MSel",Thu May 03 14:50:22 +0000 2018,992053760133386242,TonyPapaMTL
0,j’ai limite envie d’appeler ma mère pour lui demander comment ça se fait que je suis moche comme ça,Thu May 03 14:50:22 +0000 2018,992053761395904512,valenfool
4,Genre clairement je voulais bien vous défendre encore un minium mais là c’est bon quoi,Thu May 03 14:50:22 +0000 2018,992053761093832707,SleepyRaccoon_
4,Oui j’ai de graves problèmes je sais. Mais c’est mega chiant jsuis au tram et je suis pas chez moi avant assez longtemps /:,Thu May 03 14:50:23 +0000 2018,992053762742259714,homme_papier
2,"si je savais quoi dire, vous viendriez tous! come true, épices &amp; löve &lt;3 https://t.co/QszpHMdtJv",Thu May 03 14:50:23 +0000 2018,992053762901577728,marylkaborresen
2,@PlnSmn Donc non j'ai fini mon année et même mes études depuis environ 2-3 semaines. Il faut juste que je passe mes exams maintenant,Thu May 03 14:50:23 +0000 2018,992053764172533760,Sheeran_PM
4,je t'aime Topito https://t.co/IlUzzc9rfB,Thu May 03 14:50:23 +0000 2018,992053764042436608,aimotai
2,"RT kenpro11 ""__E_l_i DomBel4nd Je suis d’accord avec toi sur Thatcher et le quote !  Socialisme démocrates à la Ber… https://t.co/bzbsr5OaPL",Thu May 03 14:50:23 +0000 2018,992053766244519936,TonyPapaMTL
2,"Si il y a quelqu'un pour l'aider, qu'il se manifeste ! Sinon il est puni de dessert ! https://t.co/fVp1VnvDjy",Thu May 03 14:50:24 +0000 2018,992053767490166784,Helio_YT
4,"RT kenpro11 ""__E_l_i DomBel4nd Moi je l’aime pas , ils avait un mouvement incroyable avec c’est dons de $27 et ils… https://t.co/KOTFYx9Zrk",Thu May 03 14:50:24 +0000 2018,992053768329064448,TonyPapaMTL
0,@_Merlin_Pinpin_ @Cha_cha_mimi @oediperoi1 Mec... Tu lui fais dire ce qu'elle dit pas. C'est inutile ton petit jeu… https://t.co/njaIy26xNe,Thu May 03 14:50:24 +0000 2018,992053768945618944,Sigieron
0,"@Rien_Sans_dents OUI, je suis un isolé, un crève là dalle, un RIEN, les petits bourges qui se gobergent au gauchism… https://t.co/Apv13J9Czb",Thu May 03 14:50:24 +0000 2018,992053768949850113,Eli_Khon
0,"@CamilleCailloux Pas habituée et dur à croire. Surtout en ce moment. Mais même si je le montre pas, savoir que cell… https://t.co/n5kDnopFNf",Thu May 03 14:50:24 +0000 2018,992053770195529731,PersephoneSiren
2,Je dit même clenche la porte à la place de ferme la porte https://t.co/tVJYOhPjUr,Thu May 03 14:50:25 +0000 2018,992053771365748736,KeremAskin5
2,Je suis déjà assez irritable comme ça.,Thu May 03 14:50:25 +0000 2018,992053774012305408,Niina_LS
2,Je suis retourne aux Tanneurs pour la 524ème fois The Blues Brothers?,Thu May 03 14:50:25 +0000 2018,992053774314360832,OrsonEbooks
2,Quand je fais la pose avant de me battre https://t.co/2PjIa8mxLH,Thu May 03 14:50:26 +0000 2018,992053774926729219,MikeNowledge
2,"Bref, je suis fatigué par le manque d'originalité, tout m'ennuie et en vrai ça m'fait chier aussi pcq voilà c'est plus drôle",Thu May 03 14:50:26 +0000 2018,992053775719387143,_TrashySoya
2,Les gens qui aiment le #McDonalds   je me dis le jour où tu leur serres un vrai #burger avec des vraies #frites et… https://t.co/OcpJ1XHHdd,Thu May 03 14:50:26 +0000 2018,992053776033951750,obrian_guevara
2,"@AirFranceFR 2h38 d'attente au téléphone et toujours ""un conseiller vas prendre votre appel"". Résultat, toujours au… https://t.co/77R1HcO4oh",Thu May 03 14:50:26 +0000 2018,992053775845249024,OncleGabo
4,"Heureuse en ce moment ? inshallah oui — Je crois, jsp ce âge cest etre heureuse mais cv bien en ce moment https://t.co/d0rD4NA6Qo",Thu May 03 14:50:26 +0000 2018,992053777799794688,_lauriaane_
4,@papiblou je deviens très bon avec Stata je suis à un point where Im maping with. Genre tu sais pas à quelle point ça me rends happy,Thu May 03 14:50:26 +0000 2018,992053777602629632,ALBANRODRIGUE
2,@pucci666 @_lwv5 Je joue pas moi.,Thu May 03 14:50:26 +0000 2018,992053778403774464,_v5l7
2,Je n’arrive pas à réserver pour Muse sur le site Gaumont-Pathe ^^,Thu May 03 14:50:27 +0000 2018,992053779326435329,TheStarlight_
2,@Stephane_Malet @frod75017 @MichelPoulain @garyroustan @FrancMortimer @Franck_Aubry @adrienT75 @LeSilentio… https://t.co/ubJryFMWQ8,Thu May 03 14:50:27 +0000 2018,992053779708170240,thierrydu12
2,"Bébé, laisse-toi aller https://t.co/UWpEFS6XN0",Thu May 03 14:50:27 +0000 2018,992053782887399426,ValetteClaude
0,@JeJeProisy @Cedric_lbn @AHelbecque @lequipe Et en plus tu oses me dire ce que j’ai dit il n’y a plus con sur Terre… https://t.co/m016eeZyxk,Thu May 03 14:50:28 +0000 2018,992053784133152768,EGDU172
4,reponds vite la je suis chaud pour atterir dans t dm — Excuse j’suis dans le bus j’avais pas vu https://t.co/ehqzsu9gO9,Thu May 03 14:50:28 +0000 2018,992053785995497472,andreaamrts
0,"@ramassemoncoeur Je nous vois trop quand tu seras là, devant la télé chez mon copain en train de regarder des série… https://t.co/fL8I4VEdaM",Thu May 03 14:50:28 +0000 2018,992053786142232576,MzlleDay
2,enfin...Je mange Brulee https://t.co/Tm2Y6S5jon,Thu May 03 14:50:29 +0000 2018,992053787480150016,justCalpeeen
4,Je fais tout https://t.co/K16Lf602X4,Thu May 03 14:50:29 +0000 2018,992053789845872645,OmbreDeMiel___
2,j’ai appris que les gens de ma classes savent que je suis FtM sans avoir fait mon coming out,Thu May 03 14:50:29 +0000 2018,992053791200604161,DDNCLA
2,Il y a 3 ans je sautais en parachute,Thu May 03 14:50:29 +0000 2018,992053791167008768,madnessofharry
4,"@sadichigo Oki je vwe Bah je suis d'accord que c'est bcp d'écart en âge dans ce cas là, mais après c juste que ça e… https://t.co/0Kq0sJlBjm",Thu May 03 14:50:30 +0000 2018,992053791791943686,Waniniw
2,Moi je vais ni bien ni mal je vais comme dab,Thu May 03 14:50:30 +0000 2018,992053792739864576,ElHombre971
2,"@El_ChatPo Qu'on soit bien d'accord, je suis totalement contre le capitalisme et pas besoin de me rappeler ses effe… https://t.co/gBYRzdnUk8",Thu May 03 14:50:30 +0000 2018,992053793767518208,_MarieCh_
0,@Ben_lem78 Je voit pas de merde juste un mec ^^,Thu May 03 14:50:30 +0000 2018,992053794006499328,Exyoss
2,"je chiale un mec me demande c'est quoi mes séries fav donc jdis genre sense8, shameless, ahs, orphan black etc quoi… https://t.co/7TJ2WniB1r",Thu May 03 14:50:30 +0000 2018,992053795172601856,rznjunct
2,"@Orion_wg privé , mais ça me rassure d'y être accepter dans le sens ou je sais que j'ai le niveau pour aller dans n'importe quel école",Thu May 03 14:50:31 +0000 2018,992053796116357120,M0Rbyii
2,Quel frère ❤️ https://t.co/n58J5Ewea4,Thu May 03 14:50:31 +0000 2018,992053797240360961,atleticoteamo
0,@frozencrystal @universdesora @Friteninja Y aura une rediffusion ? Je sais j'suis pas beaucoup présente mais j'suis pas chez moi,Thu May 03 14:50:31 +0000 2018,992053798439972866,Otaku_n_0
4,"@just_autist Je suis d'accord, l'humain est faillible et pourtant olus adaptable qu'un programme (qui en réalité ne l'est pas du tout)",Thu May 03 14:50:32 +0000 2018,992053800885260288,AsharasInABox
2,À la cafétéria. https://t.co/yqi9wBdcMx,Thu May 03 14:50:32 +0000 2018,992053801321410563,KangminXBBS
4,@Seyli_ nan je pense il tombe amoureux de lui même,Thu May 03 14:50:32 +0000 2018,992053801547894784,AntonellaHoran
2,@algirdas_griot Ah trop bien je me le note,Thu May 03 14:50:32 +0000 2018,992053802143567873,antikytheraeyes
4,@fantomas78130 @RMCinfo @JJBourdin_RMC @OlivierFalorni Je doute que les partisans de cela aimeraient être égorgés en toute conscience...,Thu May 03 14:50:32 +0000 2018,992053803108225025,jjsaldat
2,On est en vie c’est déjà pas mal non? https://t.co/gNTICN0G0O,Thu May 03 14:50:32 +0000 2018,992053803812900865,NawelBaby
2,Mon petit plaisir au boulot quand je suis en pause c'est d'attendre devant les chiottes de quelqu'un qui fait bcp d… https://t.co/hLWbski6iQ,Thu May 03 14:50:33 +0000 2018,992053807591936000,Sayajin_SupRa
2,"[#orientation] J'accepte, je renonce, je maintiens ? Les ponts de mai : un moment propice pour anticiper vos répons… https://t.co/mWVdmCiaOv",Thu May 03 14:50:34 +0000 2018,992053808216920064,Didask_
4,j’aurais jamais penser dire sa mais y a quelque année j’me plaignais de + avoir 1 seul amis que je considérais comm… https://t.co/HjN4t3Pqz3,Thu May 03 14:50:34 +0000 2018,992053808862810112,ninaalg_
0,J'ai tellement peur de pas être prise là où je veux l'année prochaine qu'au final je réfléchis plus aux plans B qu'au plan A,Thu May 03 14:50:34 +0000 2018,992053808468561920,fail_404
4,mh je t'aime de vald https://t.co/7SpEI3BTPS,Thu May 03 14:50:34 +0000 2018,992053809592590337,mokdeem
4,@DupreQuentin1 @morandiniblog Racisme? Donc pour vous il y a différentes races dans le monde? Pour moi il n y a qu… https://t.co/zdEU5nCh6o,Thu May 03 14:50:34 +0000 2018,992053810435645441,cedric_bridon
2,@JusteBabi Ne te qualifie pas limite de quelqu'un sans intérêt car je suis sûre que ce n'est pas vrai.,Thu May 03 14:50:34 +0000 2018,992053810762838016,BouutDeChou
4,"Je suis fière de vous annoncez ma certification niveau III au titre professionnel de Conseillère médiatrice numériq… https://t.co/tPNSdJ2l5y",Thu May 03 14:50:34 +0000 2018,992053811853365248,gangloff_carine
2,"Je ne comprend pas les popin d'inscription newsletter sur les sites que je visite depuis twitter régulièrement ? Mo… https://t.co/EnWBXyBz3n",Thu May 03 14:50:35 +0000 2018,992053813854003201,ronanpellegrini
0,C’est un peu le principe de la timidité https://t.co/aN1AcP45wa,Thu May 03 14:50:35 +0000 2018,992053814617346050,TheLittleFoxer
0,@LoMaCire Je ne pense pas que l'on soit insolent juste nous sommes un peu taquin envers certains suporter reik lol,Thu May 03 14:50:35 +0000 2018,992053815733047297,yombissimo
4,@RomainDsDz disons que bon je vais des fois a king mais bon pour ce tarif la je préfère de loin un restaurant,Thu May 03 14:50:35 +0000 2018,992053815280132096,KabyleFares30
0,@Zellosia @Freedommaner Oui. J’ai vu. Je garde le fichier précieusement au cas où. C’est vraiment dommage qu’ils n’… https://t.co/iQmsaOjAzB,Thu May 03 14:50:36 +0000 2018,992053816689225734,JulieMarieRD
4,@wokeinParis ahah ! :D je les ai aps pesés j'avoue (je sais meme plus où est la balance depuis que je 'lavais bannie),Thu May 03 14:50:37 +0000 2018,992053823106699264,Ursidea
2,#LesBoitesDeCamille je participeuuuhhhh!!!!,Thu May 03 14:50:38 +0000 2018,992053825438715905,NassimKestar
2,je serais toujours choqué de la quantité d’alcool que lucas peut encaisser en un minimum de temps mdr,Thu May 03 14:50:38 +0000 2018,992053826113998848,mart1_eden
2,Je veux trop aller en Grèce sérieux,Thu May 03 14:50:38 +0000 2018,992053827187695617,PauBzi
0,@ana3arbiya @Giopzn @h_haayatii @BenjaminCrt_ D'où je te vois pas trop petite pour que je puisse te voir,Thu May 03 14:50:38 +0000 2018,992053828261498882,LeMchant2_0
2,"@Mr_Frexit @f_philippot Je ne retrouve pas sur votre page le ""mea culpa"" de Philippot sur C8 ou ailleurs. Pourriez-vous le reposter ici ?",Thu May 03 14:50:38 +0000 2018,992053828202713088,Gaspard_Skoda
2,j'aime pas quand on me demande si je suis énervée plusieurs fois parce qu'au final je finis par être énervée,Thu May 03 14:50:39 +0000 2018,992053830035570688,free_minam
4,Arrêtez de dire mais ou son les gens bon ? ils ont simplement au frigo. Voilà c'est tout pour moi désole j'étais ob… https://t.co/cYUUaS4IZJ,Thu May 03 14:50:39 +0000 2018,992053830937391104,Tokya15
0,@Dreamax_TV @Z0UKILIFE @Millenium Je veux juste pas discuter avec un mec qui parle de chose inutile et qui a une pp anonymous,Thu May 03 14:50:39 +0000 2018,992053831113601024,MiroLite_
2,"A 16 ans j'étais hyper romantique même si jamais j'l'aurais avoué à personne Hippopo il est en train de réaliser u… https://t.co/dDPb1uT5bQ",Thu May 03 14:50:39 +0000 2018,992053832329891840,__Anubis___
4,Eh la je commence à le chercher dans tout la maison https://t.co/3curbVYj92,Thu May 03 14:50:40 +0000 2018,992053833961558017,AMellesse
4,Et c'est toujours aussi formidable. Je garderai toujours un souvenir particulier de ce diptyque qui m'a fait entrer… https://t.co/9W4eA9aezy,Thu May 03 14:50:40 +0000 2018,992053834867503104,ChtThomas
2,Ce que je vis c'est pour de vrai c'est pas du cinéma,Thu May 03 14:50:40 +0000 2018,992053836897546240,General_47
2,"@mmamclaireenpls @BhengHeng @martinemartin10 @baillyflo Je fais un travail sur mon langage. Mais évidemment c'est b… https://t.co/HA4dpDL6WN",Thu May 03 14:50:40 +0000 2018,992053837300105217,KineMeuh
2,"@TopAchat @AMD_France @Seagate @SamsungFR @SeasonicPSU @coolermasterfr Aller, je tente ma chance.",Thu May 03 14:50:40 +0000 2018,992053837161795588,QuentinSthr
2,"@AyanaSakai67 @WizGeekz Perso je vois la : faire des vues monétisées Donc faire de l'argent. Donc publier des vidéo… https://t.co/XCu6jYlhtQ",Thu May 03 14:50:41 +0000 2018,992053837807616000,MaBa_Au_Rhum
2,Je fais des bulles en pétant dans mon bain #MonSuperPouvoirInutile,Thu May 03 14:50:41 +0000 2018,992053838596182016,MrTralal4
2,@ToupieLaser nan par contre moi c'est genre tilah et lande yve je suis ???,Thu May 03 14:50:41 +0000 2018,992053840605216770,MechaServal
2,@gracevibezz Je fais moins,Thu May 03 14:50:42 +0000 2018,992053841892954114,kljn_
2,@mateo_rns @ceciliagallien Je rêve mdr,Thu May 03 14:50:42 +0000 2018,992053842786377728,lazare_lorine
4,@Aperopoulos JE FERAIS TOUT POUR TOI TU LE SAIS,Thu May 03 14:50:42 +0000 2018,992053842954027008,sharverftholt
4,@svrtlaura @PerrinouschkaR Alors moi je trouve pas du tout,Thu May 03 14:50:42 +0000 2018,992053844359163904,calvinnnn89
2,je fais que m’embrouillee avec mes parents depuis le debut des vacances je connais plus rien a part la violence verbale j’en peux juste plus,Thu May 03 14:50:43 +0000 2018,992053846028509184,sejonmin
0,J’ai plus de batterie donc je tweet mes dernières minutes,Thu May 03 14:50:43 +0000 2018,992053849065250819,Swan_rata
2,Go follow @TurnTigre le retour do monstro português je compte sur vous,Thu May 03 14:50:43 +0000 2018,992053849253924864,ImNyrX
2,Je vais chez @Cultura tous les jours en ce moment mdr. Faut que je me calme.,Thu May 03 14:50:43 +0000 2018,992053850000551936,c0ns3quences
4,bordel je l’aime je l’aime je l’aime,Thu May 03 14:50:44 +0000 2018,992053851019796480,ccmoicmath
2,"@MimosaSudoku34 Si je mange entre chaque bière je ne vais pas avoir assez de place dans mon estomac mdr Mais je boi… https://t.co/Vo9MVSrF7H",Thu May 03 14:50:44 +0000 2018,992053852047331332,Cindybeausourir
2,@DAFUKINLOVERBOI Je euh,Thu May 03 14:50:44 +0000 2018,992053853083316226,jai5ou6grandsfr
2,Tu m'aide pas là c un traitement à vie moi j'en ai besoin genre https://t.co/un8eB7YMFr,Thu May 03 14:50:44 +0000 2018,992053853687345152,WH0REVER
4,@ApfelTHS Ptdrrr je peux plus regarder les premières saisons sans m'écrouler de rire tellement ils ont l'air et par… https://t.co/0GSBlR5Eyv,Thu May 03 14:50:44 +0000 2018,992053853855023104,Kami_THS
4,"MDR apres ça va sortir des ""svp twitter je cherche un travail RT apprécié"" https://t.co/uJ3gkwcmkr",Thu May 03 14:50:44 +0000 2018,992053854316396545,BitchComeTrue
2,C un SOS je suis toucher je sui a terreeee,Thu May 03 14:50:45 +0000 2018,992053855109173263,tomienik
0,"@_Agate___ Désolé, j'ai du mal à pas mettre mal à l'aise, j'en suis confus et désolé, mais je suis le genre de pers… https://t.co/RNdlBC3Lgq",Thu May 03 14:50:45 +0000 2018,992053855113367553,Yucato_Sama
2,Je vous sourie simplement https://t.co/BohU8RjJq8,Thu May 03 14:50:45 +0000 2018,992053856191197184,EJODOHOU
2,"Also, it’s a Spanish class and I’m supposed to help them memorize a Celia Cruz song. (Pourquoi ai-je appris français au lycée????)",Thu May 03 14:50:45 +0000 2018,992053857386577921,brookamimi
4,Toute ma vie je décale mes partiels,Thu May 03 14:50:46 +0000 2018,992053859177713664,Unedebo
4,"J'aime une vidéo @YouTube : ""JE RISQUE MA VIE AU BASEBALL !!"" à l'adresse https://t.co/7eN8sRciaX.",Thu May 03 14:50:46 +0000 2018,992053859534229504,MikaelLeGeek23
2,@MarianneEstand ? Je ne vois pas le rapport entre votre tweet et le mien,Thu May 03 14:50:46 +0000 2018,992053860511420416,LunaDragibus
2,"@LaFandeGuzzProd Looool c'est une blague ? XD J'ai sorti la première partie de l'episode dimanche dernier alors que… https://t.co/V5jkVqWNZm",Thu May 03 14:50:46 +0000 2018,992053860880535552,Tiboudouboudou
2,@LaporteNlair C’est bien parce que je ne sais pas ce que c’est que porter un enfant que je souhaite laisser le choi… https://t.co/E7yW1IqjwK,Thu May 03 14:50:46 +0000 2018,992053861803266048,PlusLibQueToi
2,@6RUSSES Je vois ça,Thu May 03 14:50:47 +0000 2018,992053863032283136,Ness_erz
2,ce soir je retourne à Bruxelles,Thu May 03 14:50:47 +0000 2018,992053863007047680,hnyromane
4,Grave sensible Mais je suis aussi une cold hearted bicth https://t.co/eUYBdI9mL5,Thu May 03 14:50:47 +0000 2018,992053863996903425,dzekilibree
2,@Bismir64 Je laisse la batterie s'éteindre https://t.co/5RwV0hkrgr,Thu May 03 14:50:47 +0000 2018,992053864236027904,BotArmyWorld
0,"@obelala Je n'ai absolument rien à pardonner à cet imposteur et à ce bonimenteur, ni sa novlangue, ni ses mensonges… https://t.co/kFsu2hgBtV",Thu May 03 14:50:47 +0000 2018,992053865884286976,RoseLaloba
4,@wlslm @Tecoub Haha oui c'est un stage. On a une grille pas trop mal pour les stages mais je ne l'ai plus en tête.,Thu May 03 14:50:47 +0000 2018,992053866530312193,VaeVix
0,"Rarement d'accord avec libéraux, mais oui les cellulaires et tablettes font partie du quotidien maintenant. Vos mie… https://t.co/15Yn4hTShC",Thu May 03 14:50:47 +0000 2018,992053866484109312,jimmyboisson
2,MOI JE VEUX VOIR ADAM WARLOCK !!!!!!,Thu May 03 14:50:48 +0000 2018,992053867385847810,98schild
2,je sais qui tu es charlie  fdp  c'est très charlie,Thu May 03 14:50:48 +0000 2018,992053868346466304,jeteconnaishihi
2,@Santithur Vu comment elle la traite dans Jungle Stars (je crois que c'est ça) . C'est comment dire ... EVIDENT !,Thu May 03 14:50:48 +0000 2018,992053868702904320,kerr_yan
2,"@AlexandraCorato Je donne 0/20 pour cet article, et je note large.",Thu May 03 14:50:48 +0000 2018,992053869277573120,LMGrandreporter
2,@Tsukiyo_Power je crois que cette vidéo est fake ! Attend je vais demander à @MaxEstLa https://t.co/qjjOKz3G2A,Thu May 03 14:50:48 +0000 2018,992053870783320064,LeMecSansNom3
2,@haynesfeels oui mais faut que je m'organise là ça va être tendax j'ai toujours pas de boulot pour cet été jvais câbler,Thu May 03 14:50:49 +0000 2018,992053872880443395,xgathe
2,"TXATI VERON #1 &amp;amp; #2 SONT LÀ BABYYYYY !!!! Distributions pas avant 20 heures ce jeudi soir au 23 avenue Simon B… https://t.co/u3ufwN1N7o",Thu May 03 14:50:49 +0000 2018,992053872561704960,EasterEd35
4,"Croyez moi que mon bts je vais tout faire pour l’avoir, je vais pas renoncer à mon école pour ça !",Thu May 03 14:50:49 +0000 2018,992053874126217216,_luuucifer
